Pressure_bar,Temperature_C,Flow_Rate_m3_h,Pipe_Age_years,Wall_Thickness_mm,Corrosion_Rate_mm_year,Soil_pH,Soil_Moisture_percent,Corrosion_Risk,Leak_Indicator,Health_Score,Risk_Score,Recommendation,RUL_Years,Status,POF,CoF,Risk_Index,Risk_Matrix
56.217808319315374,37.03364037451028,167.76755768115768,37,11.48235897382097,0.193646328466729,4.576396797414903,50.653504507517056,High,0,40,80,Immediate Maintenance,2.0,Critical,80,94.31524399919007,75.45219519935206,High
96.55000144869412,60.22356157959328,161.1404595823999,8,7.314800959129882,0.1405819203111424,7.259164989251465,68.83827106665981,Medium,0,70,60,Inspection within 30 Days,4.0,Monitor,60,155.58111606123947,93.3486696367437,Critical
81.23957592679835,81.74147933196653,457.8145612344665,7,11.813530132413488,0.1640217539378829,8.281979442238,89.3659811673085,Medium,0,70,60,Inspection within 30 Days,4.0,Monitor,60,371.9266080780132,223.1559648468079,Critical
71.90609389379256,72.59461761662148,162.29578993227773,14,14.401831912520828,0.2262581231993883,7.0284804876626055,60.33174671762553,Medium,0,70,60,Inspection within 30 Days,4.0,Monitor,60,116.70056309437597,70.02033785662559,High
40.92130483097056,77.42647461099423,172.37737675788395,3,5.467858449717685,0.2495228665424562,6.241170896750536,39.62344531530542,Medium,0,70,60,Inspection within 30 Days,4.0,Monitor,60,70.5390718027243,42.32344308163458,Medium
40.91961642353419,67.82091883619663,391.72921808808366,16,8.196520552920624,0.2120028066217733,6.600615576446513,28.09212798416948,Medium,0,70,60,Inspection within 30 Days,4.0,Monitor,60,160.29409346055354,96.17645607633213,Critical
34.06585285177396,69.9979766936604,252.382929102743,19,9.381767166663552,0.2779811667652481,5.29851523063967,79.82641873226562,High,0,40,80,Immediate Maintenance,2.0,Critical,80,85.97639725113743,68.78111780090994,High
90.63233020424546,80.19771735174575,399.5197506298316,18,13.992603589246896,0.2478939855626882,7.50217665501495,75.16521696908022,High,1,40,100,Immediate Maintenance,0.0,Critical,100,362.094059622007,362.094059622007,Critical
72.07805082202461,41.22842057584708,79.41477090397336,16,14.622614466091568,0.1729404990447603,7.485679320039396,28.71382566235079,Medium,0,70,60,Inspection within 30 Days,4.0,Monitor,60,57.24061893236033,34.34437135941619,Medium
79.56508044572318,56.812622636804136,269.40703715302294,8,9.441152464963324,0.2047077610666836,5.0820692015497,26.05056721172588,Medium,0,70,60,Inspection within 30 Days,4.0,Monitor,60,214.3539258372421,128.61235550234525,Critical
31.44091460070617,39.37861371827415,65.12612008247719,33,12.500284121421911,0.2786294003071468,8.011913529998637,67.21094214489405,High,0,40,80,Immediate Maintenance,2.0,Critical,80,20.476247797885,16.380998238308003,Low
97.8936896513396,89.19842051978206,78.19394155490954,12,10.31661023764483,0.1895587328304869,5.576758957893221,35.196164953500755,Medium,0,70,60,Inspection within 30 Days,4.0,Monitor,60,76.54693447191302,45.92816068314781,Medium
88.27098485602951,86.36385707962987,457.8968540049849,11,10.377829347413766,0.2491940149141508,8.42902424374646,34.51190386895662,Medium,1,70,80,Immediate Maintenance,2.0,Critical,80,404.19006265497575,323.3520501239806,Critical
44.86373774747933,27.562742738952885,112.66041700291782,5,7.780995150663564,0.2097550460410962,6.031612056148983,22.18321976541242,Medium,0,70,60,Inspection within 30 Days,4.0,Monitor,60,50.54367402940567,30.326204417643403,Medium
42.72774770449704,70.86238621351976,289.5893070238477,27,7.169562458638795,0.1700615447075353,5.211536234937999,31.1180415767864,Medium,0,70,60,Inspection within 30 Days,4.0,Monitor,60,123.73498848435098,74.24099309061059,High
42.83831568974037,85.14114063201828,234.993021170318,12,7.880053459240411,0.0801330766704524,5.906880445382609,44.20060460741197,Medium,0,70,60,Inspection within 30 Days,4.0,Monitor,60,100.66705225779924,60.40023135467955,High
51.29695700716764,36.73739743327668,206.3044968164792,17,10.563280072570793,0.1335392806458441,6.260721314788773,68.62706698179323,Medium,0,70,60,Inspection within 30 Days,4.0,Monitor,60,105.82792903580288,63.496757421481725,High
66.73295021425665,61.91643998592092,454.9250055592726,6,5.29155186022089,0.2906454192017775,4.77723109215318,36.90464755309998,High,0,40,80,Immediate Maintenance,2.0,Critical,80,303.5848774720737,242.86790197765896,Critical
60.2361513049481,84.50673934322272,59.82052854897027,33,14.072489443564058,0.200751961149054,6.812873524893158,36.28834715838742,Medium,0,70,60,Inspection within 30 Days,4.0,Monitor,60,36.033584088177406,21.620150452906447,Low
50.386039813862936,27.206488608076924,348.7053587790151,5,6.562837095497763,0.173674660298307,6.890529759475601,32.793060204194866,Medium,0,70,60,Inspection within 30 Days,4.0,Monitor,60,175.69882090746813,105.41929254448088,Critical
72.82970263056657,70.3323173710446,483.52749539609766,28,7.200886768713866,0.2805574214031859,7.455721821397889,48.26269340088344,High,0,40,80,Immediate Maintenance,2.0,Critical,80,352.15163703400435,281.7213096272035,Critical
39.76457024564293,44.3276854792158,302.0756825578289,14,10.182761764476464,0.1800884165008601,4.616679569162973,24.450935835305224,Medium,0,70,60,Inspection within 30 Days,4.0,Monitor,60,120.1190969857132,72.07145819142792,High
50.45012539746527,85.08575269947448,471.5701079148913,5,12.101147663372792,0.1625639303410468,6.6649528577353205,48.85045872257004,Medium,0,70,60,Inspection within 30 Days,4.0,Monitor,60,237.90771078002496,142.74462646801499,Critical
55.645329030558415,88.1187859357489,73.5160456787107,33,5.957290547443973,0.2302001479935595,4.711629733082658,66.33404449557518,High,0,40,80,Immediate Maintenance,2.0,Critical,80,40.90824550817419,32.72659640653935,Medium
61.92489889519251,86.37732179237321,238.45699358337265,19,8.176946975471623,0.2166730295060978,7.304576879866614,12.383240322609774,Medium,0,70,60,Inspection within 30 Days,4.0,Monitor,60,147.66425218501922,88.59855131101155,Critical
84.96231729751095,55.82392408273515,167.071005932923,22,14.686746055743573,0.0660164024384454,4.722911942803938,10.78235042446095,Low,0,90,30,Normal Operation,7.0,Monitor,30,141.94739817287336,42.58421945186201,Medium
43.97716475108518,81.03277231430538,378.8694342413284,5,7.623429667809457,0.1466793996264951,8.14691139336653,16.009832812360738,Low,0,90,30,Normal Operation,7.0,Monitor,30,166.61603528781333,49.984810586344004,Medium
65.9964106889528,79.89571090477958,491.583690723761,2,8.130501450631469,0.1470294784176797,7.308330267537986,52.852804938248966,Medium,0,70,60,Inspection within 30 Days,4.0,Monitor,60,324.4275914099649,194.65655484597895,Critical
71.46901982034296,45.741530760811614,165.4385280999115,30,13.364984906180336,0.1196851094205699,6.529559060340628,78.35640665483227,Medium,0,70,60,Inspection within 30 Days,4.0,Monitor,60,118.23729443820945,70.94237666292567,High
33.25152889039984,78.87950581979402,344.3785706633335,39,5.502144316904553,0.1600151098241534,6.2660156931247,10.390757281620155,Medium,0,70,60,Inspection within 30 Days,4.0,Monitor,60,114.51113991646436,68.70668394987861,High
72.5281396331007,27.40549625650702,139.14393474188307,4,9.646131688089708,0.1298011453408718,5.0226905216530495,84.93290436677448,Medium,0,70,60,Inspection within 30 Days,4.0,Monitor,60,100.91850728058346,60.55110436835007,High
41.936688658110405,63.75754210133345,304.39861455722445,33,8.796167644516704,0.0678101919466431,5.663997558258652,18.502280925642864,Medium,0,70,60,Inspection within 30 Days,4.0,Monitor,60,127.65469926646476,76.59281955987885,High
34.55361150896957,39.9505744237007,258.7696190097513,13,8.16586759908651,0.1295862813096575,7.975836420083585,77.3586822446581,Medium,0,70,60,Inspection within 30 Days,4.0,Monitor,60,89.41424885587011,53.64854931352207,Medium
96.42198760773331,32.83684757552312,487.4023983341917,20,7.856995940447645,0.0309603147962212,8.117811246249975,48.62838119863574,Medium,0,70,60,Inspection within 30 Days,4.0,Monitor,60,469.9630801215892,281.9778480729535,Critical
97.59424231521916,30.001958105898595,323.83727271341,7,5.913741048604092,0.1769779002045793,4.502990833482125,62.74859098230752,High,0,40,80,Immediate Maintenance,2.0,Critical,80,316.0465326389225,252.837226111138,Critical
86.58781436815228,70.25877043207907,207.27786743906844,15,8.148258293516488,0.2575598191929224,6.876545565910205,50.854638755774594,High,1,40,100,Immediate Maintenance,0.0,Critical,100,179.47737508440537,179.47737508440537,Critical
51.32296384213595,47.09187264492429,101.34310319957,23,5.430524027156686,0.220333254462821,7.377202436100454,48.16385801434837,High,0,40,80,Immediate Maintenance,2.0,Critical,80,52.012284211613824,41.60982736929106,Medium
36.83704798044687,72.10984014936949,118.06107293072056,14,12.809638636444353,0.1145142716156922,6.974987929830425,76.79195426915132,Medium,0,70,60,Inspection within 30 Days,4.0,Monitor,60,43.49021408171991,26.094128449031945,Low
77.89631185585098,29.24816215193125,151.3926184780558,23,8.982277939580117,0.0352506496174193,4.826719059465416,70.47091036542531,Medium,0,70,60,Inspection within 30 Days,4.0,Monitor,60,117.929266216405,70.757559729843,High
60.81067456177209,45.49387195898967,162.9349976031341,19,9.439038323199116,0.0686233257753285,5.370899595195609,48.672178921840334,Medium,0,70,60,Inspection within 30 Days,4.0,Monitor,60,99.08187113967304,59.44912268380383,Medium
38.54267643913452,60.06693400439692,432.777226028512,29,13.935945864501315,0.1681921987435023,5.501361069525544,18.930874351684928,Medium,0,70,60,Inspection within 30 Days,4.0,Monitor,60,166.80392593043126,100.08235555825875,Critical
64.6623837077889,76.39700571453264,302.55025472713623,20,11.580549838612209,0.0700465541810795,7.826898525220359,19.23223674515265,Low,0,90,30,Normal Operation,7.0,Monitor,30,195.6362066205536,58.69086198616608,Medium
32.40719647806529,45.71891269058455,285.52591011846494,29,5.080591033421198,0.1677522022726405,6.352797745235682,74.12315685752604,High,0,40,80,Immediate Maintenance,2.0,Critical,80,92.53094268787504,74.02475415030003,High
93.65242814551476,65.68293946840559,101.64599234114786,24,14.43174822961285,0.0771637171815306,6.447312847764947,52.35124970780268,Medium,0,70,60,Inspection within 30 Days,4.0,Monitor,60,95.19393994008892,57.116363964053356,Medium
48.11459871200118,82.58855363535216,437.0628620072457,18,7.371444659777112,0.2561879221480611,8.239572186218034,48.52713121754901,High,0,40,80,Immediate Maintenance,2.0,Critical,80,210.29104217397375,168.232833739179,Critical
76.37655990477873,65.0311072318498,375.26643644381767,10,6.076141847598588,0.1252087271237333,7.048343555418862,64.44534730885721,Medium,0,70,60,Inspection within 30 Days,4.0,Monitor,60,286.6155946330408,171.9693567798245,Critical
51.81977532625877,40.1423658589862,80.4507628550007,8,12.681281783808824,0.0812096815239024,8.094670806210654,78.70732667314083,Low,0,90,30,Normal Operation,7.0,Monitor,30,41.68940455972261,12.506821367916784,Low
66.40476148244676,26.58605080117497,368.52579375339593,26,10.00477315866718,0.2455745922716478,6.326035421366132,60.30985155306442,High,0,40,80,Immediate Maintenance,2.0,Critical,80,244.71867434323624,195.77493947458902,Critical
68.26971955402958,81.55642680356044,294.59219780419073,29,9.337705660180175,0.1094232997935807,5.097745034073177,71.02783218771833,Medium,0,70,60,Inspection within 30 Days,4.0,Monitor,60,201.11726726897308,120.67036036138384,Critical
42.93981188678689,26.382511705275164,86.77640558605022,10,7.495030796827418,0.0423314294732467,8.219742376296342,71.22164192935657,Low,0,90,30,Normal Operation,7.0,Monitor,30,37.2616253207652,11.178487596229559,Low
97.8709239435191,81.85560872447296,256.2352886878954,17,10.474714898623189,0.175418752507056,6.334820462670153,38.50091590343673,Medium,0,70,60,Inspection within 30 Days,4.0,Monitor,60,250.7798445081867,150.46790670491202,Critical
84.25929763527802,59.38091371176878,268.1133292085211,2,7.743846052025875,0.1786536192870167,5.226525687515288,31.926655651279656,Medium,0,70,60,Inspection within 30 Days,4.0,Monitor,60,225.91040805766065,135.5462448345964,Critical
95.76492590949324,86.03940040333825,124.59854307347408,6,14.015830052870676,0.2172617458183629,5.709582961215689,74.09312537401269,Medium,1,70,80,Immediate Maintenance,2.0,Critical,80,119.32170245862048,95.45736196689639,Critical
92.6379145299354,76.92091032528825,475.5641661501271,5,7.152044797331928,0.0796636356304318,4.7032103587557685,40.17430334273948,Medium,0,70,60,Inspection within 30 Days,4.0,Monitor,60,440.5527257731548,264.3316354638929,Critical
71.85299851677595,89.86571718466693,432.4889171662979,28,13.843551504557537,0.138693688336751,6.373202365825541,82.26688052181642,Medium,0,70,60,Inspection within 30 Days,4.0,Monitor,60,310.7562552367204,186.4537531420322,Critical
94.53119645161816,47.79626800436116,351.06005179809875,5,10.59405425727357,0.0918866965223703,7.912512687640946,15.57525573840957,Low,0,90,30,Normal Operation,7.0,Monitor,30,331.8612672284132,99.55838016852397,Critical
36.19447514363437,74.86723878052325,258.0330024502732,18,13.28488133895241,0.0334765834735495,8.234321824026757,14.657400966027172,Low,0,90,30,Normal Operation,7.0,Monitor,30,93.3936909342376,28.01810728027128,Low
43.718800369340165,51.12550938460074,235.29449371302883,26,12.12845995860955,0.2642180098346086,8.230408830014575,84.16033280811266,High,0,40,80,Immediate Maintenance,2.0,Critical,80,102.86792998644871,82.29434398915897,Critical
33.16591022373766,56.19191531975408,342.9380602179294,20,11.966951114367486,0.2213722433016189,5.000920102514987,61.87639313451479,Medium,0,70,60,Inspection within 30 Days,4.0,Monitor,60,113.73852917490584,68.2431175049435,High
52.7731231534285,65.78785510919406,295.4443412331075,27,8.243458076950557,0.0974242872430521,6.028215530044228,40.36794851586659,Medium,0,70,60,Inspection within 30 Days,4.0,Monitor,60,155.91520604878335,93.54912362927001,Critical
57.20741027826374,81.78901242211202,78.02289764684852,12,7.338969314722035,0.183818167932876,4.612915038602825,70.40483318529462,Medium,0,70,60,Inspection within 30 Days,4.0,Monitor,60,44.63487916782242,26.78092750069345,Low
48.99443222417271,88.96542549795419,280.62619194664927,7,7.108862276807882,0.068366498558997,7.920661379885891,63.7861447994913,Low,0,90,30,Normal Operation,7.0,Monitor,30,137.4912094165779,41.24736282497337,Medium
88.01162564063506,74.93777190119368,412.88162775477775,3,13.571916570595889,0.2681686203207735,5.935023048085095,52.4960837455677,Medium,1,70,80,Immediate Maintenance,2.0,Critical,80,363.3838325584954,290.70706604679634,Critical
54.97273286855125,52.154840840876695,256.6579449186312,10,13.2042682025902,0.0433228395749539,7.02446811156894,17.90986741301211,Low,0,90,30,Normal Operation,7.0,Monitor,30,141.09188644603253,42.32756593380976,Medium
49.66541567811665,52.38820514800956,73.38045989942079,34,9.405735280123071,0.0111127721972622,7.359593752309154,74.97436698342013,Medium,0,70,60,Inspection within 30 Days,4.0,Monitor,60,36.44471043556104,21.866826261336623,Low
67.9887258210774,72.94284960327795,403.8251897228149,25,6.324046134964546,0.1555823773443628,6.219378678972621,79.28185525444998,High,0,40,80,Immediate Maintenance,2.0,Critical,80,274.55560103709024,219.64448082967218,Critical
39.86469574823339,40.52051447493965,140.61370196118847,35,8.822522519774584,0.1791070688013321,5.725769346200972,23.77349508421193,Medium,0,70,60,Inspection within 30 Days,4.0,Monitor,60,56.05522446715547,33.63313468029328,Medium
86.15378865278278,32.180817353540654,166.37937569961747,16,11.193434541369117,0.1778999428857832,8.348851640463778,78.04093215816533,Medium,0,70,60,Inspection within 30 Days,4.0,Monitor,60,143.34213570206785,86.00528142124071,Critical
35.21854505758396,48.05044024665048,124.11785904453316,2,9.544031544799529,0.0258084589569696,8.357952900095416,80.22778488132514,Low,0,90,30,Normal Operation,7.0,Monitor,30,43.71250411210746,13.113751233632238,Low
99.0820855620362,43.67053445751532,198.5967791921739,24,12.80189268482995,0.1010727040063454,5.657745472120087,53.95428898308128,Medium,0,70,60,Inspection within 30 Days,4.0,Monitor,60,196.77383068263785,118.06429840958272,Critical
84.05713385076602,44.26002782963936,390.53817755988575,10,14.976228222513852,0.1547676945839862,6.418500386977833,62.49432289781496,Medium,0,70,60,Inspection within 30 Days,4.0,Monitor,60,328.27519864985544,196.96511918991328,Critical
43.91009770739207,40.18450381824415,283.7236367767718,38,6.911320884488968,0.0728079638318998,8.391376634640089,40.57898560115931,Medium,0,70,60,Inspection within 30 Days,4.0,Monitor,60,124.58332612764669,74.74999567658801,High
30.386548198652168,27.73605732636352,142.19657336782063,22,9.596508196595725,0.2630615067909099,4.519473630622013,32.54333180074128,High,0,40,80,Immediate Maintenance,2.0,Critical,80,43.20863030324461,34.56690424259569,Medium
87.0822999918384,26.161805757671896,445.0235351684184,26,9.30983901920822,0.0352616939438158,6.150712993516597,67.75865175613158,Medium,0,70,60,Inspection within 30 Days,4.0,Monitor,60,387.5367299296465,232.52203795778792,Critical
79.48001406933321,89.20195533284205,445.81183472818816,39,8.044925327489509,0.1513414880848924,4.901830198723873,78.95001192126466,High,0,40,80,Immediate Maintenance,2.0,Critical,80,354.33130896471647,283.46504717177316,Critical
81.03050176286911,52.80525369283105,441.7602912707032,27,6.980955167202896,0.210510656678814,6.5366318622504105,62.3262042364598,High,1,40,100,Immediate Maintenance,0.0,Critical,100,357.96058060576286,357.96058060576286,Critical
83.9889242680162,49.98123206537931,157.4582951216927,29,5.656921164896592,0.0859078190389999,4.598679818161949,50.92724885172394,Medium,0,70,60,Inspection within 30 Days,4.0,Monitor,60,132.24752824346794,79.34851694608076,High
35.183125621386324,69.17707337504953,253.05770488144464,38,13.871193172236984,0.1910298137292802,6.127593725562512,22.713981347533725,Medium,0,70,60,Inspection within 30 Days,4.0,Monitor,60,89.03361020303574,53.42016612182144,Medium
55.09260099809909,39.18650271122917,493.2453452633938,20,9.198486976863176,0.2505216935412886,5.38279629914134,14.276697008385453,Medium,0,70,60,Inspection within 30 Days,4.0,Monitor,60,271.7416900076578,163.04501400459466,Critical
38.11083416675908,86.74747695676464,397.4056143394957,27,9.968955185000487,0.0651977227775637,6.633233449834963,45.65534321973971,Medium,0,70,60,Inspection within 30 Days,4.0,Monitor,60,151.45459465031536,90.87275679018921,Critical
90.41723981129157,76.11242593701088,62.22533955150192,20,14.169420482009158,0.2759939716292102,8.483974596402799,13.947965095793702,Medium,1,70,80,Immediate Maintenance,2.0,Critical,80,56.262434485671946,45.009947588537564,Medium
73.63086887792906,30.81171515029687,79.34206606722142,19,12.76290477515948,0.1705319744720838,7.702144420506991,55.54677055257801,Medium,0,70,60,Inspection within 30 Days,4.0,Monitor,60,58.420252630995655,35.052151578597396,Medium
53.16286173968544,52.14275042602034,258.7691195655498,20,6.305012641171842,0.0967772812473075,7.882568366497685,40.6183353054217,Medium,0,70,60,Inspection within 30 Days,4.0,Monitor,60,137.56906925963452,82.54144155578071,Critical
34.44908452002166,82.1426899915407,459.1490926377021,35,10.654199676077424,0.1349488998608585,7.041059949436324,70.57512957455756,Medium,0,70,60,Inspection within 30 Days,4.0,Monitor,60,158.17265899567454,94.90359539740471,Critical
51.76876252009635,86.40758144894167,292.4158090787214,2,9.422522765195591,0.1005356462980524,4.666239393089034,34.45187974689468,Low,0,90,30,Normal Operation,7.0,Monitor,30,151.38004577318162,45.41401373195448,Medium
52.76283254187229,55.38109823124153,274.0156286154306,30,12.972110725787628,0.2202822363806616,5.3271907041765765,57.43861607739457,High,0,40,80,Immediate Maintenance,2.0,Critical,80,144.57840726491835,115.66272581193469,Critical
81.07243248366449,64.87174029869601,97.46316498048375,34,12.242325476119492,0.2409271923903883,8.20025822578822,53.01468174040804,High,1,40,100,Immediate Maintenance,0.0,Critical,100,79.01575862524521,79.01575862524521,High
74.62902299486493,35.85720649598489,345.5510471259323,22,11.90405721911072,0.2515518437724117,5.9644524717150045,10.376994041779293,Medium,0,70,60,Inspection within 30 Days,4.0,Monitor,60,257.8813704186086,154.72882225116516,Critical
92.10489198034286,89.42596069890348,419.9464222701015,3,8.405448354798969,0.2958727923798649,4.914546905923182,15.791151861144828,Medium,1,70,80,Immediate Maintenance,2.0,Critical,80,386.79119860719146,309.4329588857532,Critical
63.05504476133645,40.05866058992382,221.18900337840304,6,13.049637303992546,0.2394724448240382,7.309621463464808,33.229456998881645,Medium,0,70,60,Inspection within 30 Days,4.0,Monitor,60,139.47082508740604,83.68249505244363,Critical
38.37159721568112,86.27756531878316,399.02533291639736,15,5.523912955948612,0.1844013804996833,5.6978308957370185,80.5788064816612,High,0,40,80,Immediate Maintenance,2.0,Critical,80,153.11239353521066,122.48991482816854,Critical
79.92713510560965,67.22703218450394,484.0144942553652,27,6.596249014321672,0.1083738865336172,5.575427651616687,21.761196391982285,Medium,0,70,60,Inspection within 30 Days,4.0,Monitor,60,386.85891875421896,232.11535125253135,Critical
83.25495340318282,64.50289166712585,141.6949066074601,10,8.356232729779117,0.1679326801261173,8.49190982223304,66.87154643684333,Medium,0,70,60,Inspection within 30 Days,4.0,Monitor,60,117.96802847072432,70.7808170824346,High
69.28940382986474,58.324753216073056,285.4983340376336,9,5.768074410692813,0.0219097701092175,7.932555700106617,87.86932529218299,Medium,0,70,60,Inspection within 30 Days,4.0,Monitor,60,197.8200935988721,118.69205615932326,Critical
83.96770259681927,39.99353776165432,179.212081138059,33,7.349942775346916,0.2259992719036747,6.131751273471364,73.24540421529241,High,1,40,100,Immediate Maintenance,0.0,Critical,100,150.48026730757582,150.48026730757582,Critical
64.56569174550735,36.47432208035804,406.7844885652277,32,13.301509829979182,0.1393271080767095,8.421044831265997,29.43562893496352,Medium,0,70,60,Inspection within 30 Days,4.0,Monitor,60,262.64321895556355,157.58593137333813,Critical
66.59129805673959,39.3316035895614,309.9170146465209,6,14.482515377900793,0.0158067366223344,7.100452893676854,82.66922083304652,Low,0,90,30,Normal Operation,7.0,Monitor,30,206.377762951814,61.913328885544196,High
59.92787128509848,37.11848703937655,335.5620878976367,36,8.046023557741904,0.0281270130380191,7.468089807519041,17.448572520671206,Medium,0,70,60,Inspection within 30 Days,4.0,Monitor,60,201.09521611688476,120.65712967013086,Critical
31.77933887208666,75.67299078183896,409.0613718271524,2,7.645158039888383,0.1223652745083094,4.626052172328846,47.45135534965886,Medium,0,70,60,Inspection within 30 Days,4.0,Monitor,60,129.9969995477572,77.99819972865433,High
37.55239988953132,47.75814184583746,228.18671269810469,29,7.798926522464269,0.1791922405153461,4.986421037392228,81.0033526181131,High,0,40,80,Immediate Maintenance,2.0,Critical,80,85.68958684716821,68.55166947773458,High
32.2000429980714,28.759773976620764,461.7905307831695,4,7.777190873508438,0.1446191451961167,7.032340505984953,61.30125674054958,Medium,0,70,60,Inspection within 30 Days,4.0,Monitor,60,148.69674947320274,89.21804968392165,Critical
74.54872878846463,87.99167095915274,289.862990260763,1,5.35930182185973,0.1895692520147249,8.096095930597937,43.09156517821591,Medium,0,70,60,Inspection within 30 Days,4.0,Monitor,60,216.08917446762985,129.6535046805779,Critical
52.004918675342864,82.44608252262267,121.0796702759066,19,14.26916346331108,0.1492853350494931,6.994974904350382,33.4250293389735,Medium,0,70,60,Inspection within 30 Days,4.0,Monitor,60,62.96738405935851,37.7804304356151,Medium
65.5999483815292,85.30389840768885,363.1546031759611,26,7.136981415703284,0.2018941151895905,5.036099577275968,40.007952425468,High,0,40,80,Immediate Maintenance,2.0,Critical,80,238.22923222857767,190.58338578286214,Critical
93.5296531748265,89.66900847201829,406.9676076972145,25,9.20004074081405,0.0735465587545322,4.9630401849852985,50.7153424807429,Medium,0,70,60,Inspection within 30 Days,4.0,Monitor,60,380.6353920130932,228.38123520785592,Critical
47.45045604042125,36.30319119926668,192.542754680387,10,5.096868827409677,0.0427245242832502,7.876743583296326,35.52351438982459,Low,0,90,30,Normal Operation,7.0,Monitor,30,91.36241516863316,27.40872455058995,Low
58.72680461249408,50.755731228672815,435.7306656494388,15,13.579550909150573,0.1829658468414413,5.057209354831658,87.51742896658398,Medium,0,70,60,Inspection within 30 Days,4.0,Monitor,60,255.89069665266572,153.53441799159944,Critical
82.88857969801342,74.28550092076594,457.7644646445949,22,12.311573444549172,0.1505599599115291,6.580927842016102,84.64621224529161,Medium,0,70,60,Inspection within 30 Days,4.0,Monitor,60,379.4344631061195,227.6606778636717,Critical
46.01587158441357,70.2413401734965,174.60701932001402,21,14.467560351737031,0.0177916196730312,4.648453279849209,79.65371745714566,Medium,0,70,60,Inspection within 30 Days,4.0,Monitor,60,80.34694178766983,48.20816507260189,Medium
35.38859368801551,35.00323391209058,492.58466272185,22,12.81615479196399,0.1203397467929803,4.8226790695647095,43.746386841812274,Medium,0,70,60,Inspection within 30 Days,4.0,Monitor,60,174.31878486011712,104.59127091607029,Critical
50.28260170396376,78.02915312439015,113.32018762194129,36,8.137065120520653,0.0407764197923886,7.189393070571459,65.30414154681831,Medium,0,70,60,Inspection within 30 Days,4.0,Monitor,60,56.98033859212518,34.188203155275104,Medium
41.28549010778031,39.58863716938294,140.9070507811205,34,7.478733587284236,0.1640934812082816,7.256725641710067,82.22634456287717,High,0,40,80,Immediate Maintenance,2.0,Critical,80,58.17416651140448,46.539333209123576,Medium
95.07883566398012,39.5481449634705,132.90117765711176,30,11.977163075532928,0.1247755271015249,5.86587762643377,78.03435901431425,High,0,40,80,Immediate Maintenance,2.0,Critical,80,126.36089230009956,101.08871384007965,Critical
86.56842656950919,59.90333748807189,452.2953695035417,25,8.641127750104994,0.1878140542198751,5.362439060972179,43.146161121616615,High,0,40,80,Immediate Maintenance,2.0,Critical,80,391.5449848259637,313.23598786077093,Critical
74.33826295572965,63.541095764710704,344.43164854623285,28,10.662150157526169,0.2436246434433691,7.754841083029232,18.99088394578086,Medium,0,70,60,Inspection within 30 Days,4.0,Monitor,60,256.04450459905314,153.62670275943188,Critical
91.00224131314025,62.70560350945773,118.4469274500228,1,5.062574710264702,0.0969039183140323,5.368412917879562,16.050429106763957,Medium,0,70,60,Inspection within 30 Days,4.0,Monitor,60,107.78935874606992,64.67361524764196,High
86.257045382938,30.946644430854064,248.14553826575704,4,5.6188570168047525,0.289009610207858,6.668108278665519,56.16512361805621,High,1,40,100,Immediate Maintenance,0.0,Critical,100,214.04300955762983,214.04300955762986,Critical
43.05990412202251,82.03495607097472,326.8841112814109,7,10.353679411816511,0.1653340051703966,8.372835363451621,61.410234816874535,Medium,0,70,60,Inspection within 30 Days,4.0,Monitor,60,140.7559849079009,84.45359094474055,Critical
92.47912989429844,42.2640027682659,87.55883824522249,9,10.660716464481652,0.1893043316388885,5.091409751449535,77.98740836776193,Medium,0,70,60,Inspection within 30 Days,4.0,Monitor,60,80.97365175473797,48.58419105284278,Medium
67.75395693409556,33.41846988338227,447.0873657833024,36,12.514529444593435,0.2073949882354637,8.263505069978835,33.40120162728248,Medium,0,70,60,Inspection within 30 Days,4.0,Monitor,60,302.919381270601,181.7516287623606,Critical
86.52081086148438,82.76862519148352,411.6215909486908,19,6.319653196239617,0.203352143658701,5.231572212274674,23.3976392440034,Medium,1,70,80,Immediate Maintenance,2.0,Critical,80,356.1383381697497,284.91067053579974,Critical
92.72639099464452,87.11734738493396,277.3430481094872,1,10.131830837567788,0.158181515483068,6.769772832092919,40.32046665425596,Medium,0,70,60,Inspection within 30 Days,4.0,Monitor,60,257.1701991864681,154.30211951188087,Critical
52.26024324803047,81.03829512225428,485.2069768666267,10,6.944476444316886,0.1343416444232582,6.008030847834979,38.28600989058201,Medium,0,70,60,Inspection within 30 Days,4.0,Monitor,60,253.57034636691407,152.14220782014843,Critical
37.70363471693737,77.61854485711707,237.99244067379487,36,5.931961195626947,0.0255967696114395,8.359714406007303,20.59751632142838,Medium,0,70,60,Inspection within 30 Days,4.0,Monitor,60,89.73180048557151,53.83908029134291,Medium
45.95546137793592,67.59072874153641,492.849643566424,9,9.104957940605546,0.0164048951373421,5.594168116007747,63.78261220105217,Low,0,90,30,Normal Operation,7.0,Monitor,30,226.4913276004628,67.94739828013884,High
59.89754520383794,60.80572908959405,350.5639994616322,32,6.633366480890572,0.1138087464145017,6.098632008343015,50.69535525835008,Medium,0,70,60,Inspection within 30 Days,4.0,Monitor,60,209.97923004591337,125.98753802754801,Critical
87.26103361457452,30.65413939424166,335.60207296427365,32,7.217819781923186,0.1067616582837708,8.431440471421682,67.6898204891813,Medium,0,70,60,Inspection within 30 Days,4.0,Monitor,60,292.84983770056374,175.70990262033826,Critical
90.25114082794404,51.54945884959542,124.67970288310325,6,8.175545798695017,0.1224315949033119,6.645881564753893,38.215289613578776,Medium,0,70,60,Inspection within 30 Days,4.0,Monitor,60,112.52485423289173,67.51491253973504,High
30.48664913718335,49.22475360580041,446.8674912370898,38,7.593884007431963,0.0501267782575751,6.5105204624850135,36.05617692621618,Medium,0,70,60,Inspection within 30 Days,4.0,Monitor,60,136.23492416158513,81.74095449695108,Critical
65.7523111804296,41.8839959444212,242.3703595642768,17,5.875912974059464,0.2240687984556846,5.531113952815965,47.80606824350845,High,0,40,80,Immediate Maintenance,2.0,Critical,80,159.3641130298294,127.49129042386353,Critical
59.21877022041453,72.02230738975803,123.0050326021157,10,5.899162448597023,0.2585196802851093,7.305454241241765,80.19258763161176,High,0,40,80,Immediate Maintenance,2.0,Critical,80,72.84206761619288,58.2736540929543,Medium
45.54754673295112,57.2319227801201,55.67338398909157,27,6.932494152341682,0.2822272442584701,4.557491807111111,13.222504538718429,High,0,40,80,Immediate Maintenance,2.0,Critical,80,25.35786059024681,20.286288472197448,Low
38.3905757133578,30.26800403399712,301.8900576372721,35,5.505591879595389,0.1527850680206915,4.698050518809174,74.38662538371776,High,0,40,80,Immediate Maintenance,2.0,Critical,80,115.89733114833643,92.71786491866915,Critical
53.63306199825396,39.31190812673773,287.32982995520433,21,11.26457019676927,0.2132510527463743,6.897434348543211,39.51900901262052,Medium,0,70,60,Inspection within 30 Days,4.0,Monitor,60,154.1037858393524,92.46227150361145,Critical
96.00367927387634,69.41181963787373,373.70913006612136,25,7.87326716508902,0.258109825796403,5.8666982952738165,78.36952206307822,High,1,40,100,Immediate Maintenance,0.0,Critical,100,358.77451464587256,358.77451464587256,Critical
52.62420524145287,29.94850586686951,450.61612385801095,28,7.797459677690711,0.1313044222171109,8.313265488803843,74.17624070686853,Medium,0,70,60,Inspection within 30 Days,4.0,Monitor,60,237.1331538701192,142.27989232207153,Critical
66.31534352203562,80.32844941316996,85.73296308936328,15,8.319982942377653,0.0997297105124288,8.112762762891142,37.90089979168707,Medium,0,70,60,Inspection within 30 Days,4.0,Monitor,60,56.85410898433126,34.11246539059876,Medium
79.21132712266245,57.18452425590833,379.1734206531631,4,11.627962742097218,0.2816501211975121,7.354825034706829,65.51012282572927,Medium,0,70,60,Inspection within 30 Days,4.0,Monitor,60,300.348298595766,180.20897915745957,Critical
55.454072166550574,56.23812752623212,134.335374843912,29,13.706338814834906,0.1595461998123512,7.772582324511205,22.77062054187521,Medium,0,70,60,Inspection within 30 Days,4.0,Monitor,60,74.4944357111492,44.696661426689516,Medium
98.02474579046724,63.50650600286865,436.1796739207238,9,12.590869325556383,0.1542036271113546,7.169327398670774,81.70252417310304,Medium,0,70,60,Inspection within 30 Days,4.0,Monitor,60,427.5640165504784,256.53840993028706,Critical
97.3713106459478,78.6042627851347,418.57858123774525,27,12.27529230225095,0.0617406680034137,5.002328410840643,42.35928515615275,Medium,0,70,60,Inspection within 30 Days,4.0,Monitor,60,407.5754506344059,244.54527038064356,Critical
47.62476070777549,47.60759851364255,293.357189743495,26,9.843911856008493,0.0413649542262734,7.562173478756811,46.45004922841601,Medium,0,70,60,Inspection within 30 Days,4.0,Monitor,60,139.7106596343944,83.82639578063664,Critical
64.80739541246697,69.07104991633913,369.6092593804902,19,11.938055569674118,0.2542109901202183,5.340767874875386,66.46072408295879,High,0,40,80,Immediate Maintenance,2.0,Critical,80,239.53413420780493,191.62730736624394,Critical
51.06148168717388,61.772577659726416,191.4575509326868,28,10.527623680335832,0.1880986210943802,5.793771420400788,75.66721893638808,High,0,40,80,Immediate Maintenance,2.0,Critical,80,97.76106230820548,78.20884984656439,High
49.93883460642273,42.356837561012384,262.0255545197666,17,7.162505281865289,0.1044891293656401,7.776936848409681,28.90741946625677,Medium,0,70,60,Inspection within 30 Days,4.0,Monitor,60,130.85250829818827,78.51150497891297,High
32.582086314817296,82.11094911308527,419.7366039697122,20,7.085883677410507,0.0656035030431772,6.646102433573793,62.908011190159634,Medium,0,70,60,Inspection within 30 Days,4.0,Monitor,60,136.75894260029446,82.05536556017667,Critical
72.66950337859278,76.83269140445033,256.6693387279463,39,7.963920068752834,0.1710942112491931,7.939762856733637,41.35984351113188,High,0,40,80,Immediate Maintenance,2.0,Critical,80,186.52033377871663,149.21626702297328,Critical
65.1875316260203,67.79936925279766,211.0092193964488,23,14.108026709698132,0.1793365938857292,5.352141279373057,39.4962339203169,Medium,0,70,60,Inspection within 30 Days,4.0,Monitor,60,137.55170162787863,82.53102097672718,Critical
33.60351258749925,80.28781239112573,272.3956012626349,32,10.474148403797258,0.0700281443610668,6.931113754427549,65.20206591525238,Medium,0,70,60,Inspection within 30 Days,4.0,Monitor,60,91.53449015808378,54.92069409485027,Medium
49.5052524965628,81.37412306238716,422.7121635967482,33,12.339053770018694,0.2569076668885274,4.835163890193046,40.974661932474746,High,0,40,80,Immediate Maintenance,2.0,Critical,80,209.2647239222538,167.41177913780305,Critical
93.57861201766576,71.04359348647726,200.84362131689272,5,8.465587598165476,0.0344366661851968,7.072243974160118,37.68868001315261,Low,0,90,30,Normal Operation,7.0,Monitor,30,187.94667315436487,56.38400194630946,Medium
46.76933234668808,79.40586634363868,128.1927169110847,34,9.077157706652253,0.1132669946982622,7.550136151102139,76.87107265009939,Medium,0,70,60,Inspection within 30 Days,4.0,Monitor,60,59.95487781639421,35.97292668983653,Medium
40.14264104638562,70.33564500850343,370.40630914885134,11,6.255655786372514,0.2073114799911314,6.839723575914887,18.102089906480508,Medium,0,70,60,Inspection within 30 Days,4.0,Monitor,60,148.6908750947888,89.21452505687328,Critical
64.26169321942942,69.20915016441953,421.6901957186368,3,6.712949578216704,0.0894949055075681,5.5649260059952415,64.07140982641685,Medium,0,70,60,Inspection within 30 Days,4.0,Monitor,60,270.98525990912185,162.5911559454731,Critical
98.99553178774204,65.20973958398699,95.28686533559,33,13.273565548261455,0.2500258064865688,4.625370675435467,29.89803150324997,High,1,40,100,Immediate Maintenance,0.0,Critical,100,94.32973906283696,94.32973906283696,Critical
46.94386900580503,73.92658157124669,157.9433507401751,11,10.84838631688882,0.224561669714117,4.977795535857143,11.239859346095225,Medium,0,70,60,Inspection within 30 Days,4.0,Monitor,60,74.14471967484698,44.486831804908185,Medium
77.0494883184115,35.309331844049794,113.88739539244725,16,8.375324658838188,0.2388166249189589,6.989211916296105,23.34114150981536,Medium,0,70,60,Inspection within 30 Days,4.0,Monitor,60,87.74965540904677,52.649793245428064,Medium
83.31337307301024,82.25659934793035,206.573635211975,18,13.02851208995546,0.0445408954042477,8.237680867370056,58.532922382069415,Low,0,90,30,Normal Operation,7.0,Monitor,30,172.103463374632,51.6310390123896,Medium
46.63462807946797,81.66982930344008,252.65794050743568,30,7.46519905637983,0.0507586671187074,5.326137615888026,66.73017531887498,Medium,0,70,60,Inspection within 30 Days,4.0,Monitor,60,117.8260908688861,70.69565452133166,High
80.97514440283017,26.901073397246343,386.9718516334879,10,14.760326986002038,0.0930773839459292,7.440104596420396,11.684622684505603,Low,0,90,30,Normal Operation,7.0,Monitor,30,313.35101565852256,94.00530469755677,Critical
55.74481929034772,78.67808878670957,343.0164131967534,18,8.448176077461698,0.1602423779072927,7.965804252996167,12.914035464137612,Medium,0,70,60,Inspection within 30 Days,4.0,Monitor,60,191.21387967276263,114.72832780365758,Critical
74.26140814155056,33.37654138577394,329.41785536529403,38,8.373109541512276,0.2269246622428267,6.583528713790044,82.20336918743625,High,0,40,80,Immediate Maintenance,2.0,Critical,80,244.6303380639637,195.70427045117097,Critical
74.34707975326262,46.782725526844224,208.5687259743445,19,8.119119055367053,0.252593958320662,7.177063183374632,15.864465449097588,Medium,0,70,60,Inspection within 30 Days,4.0,Monitor,60,155.06475704050968,93.0388542243058,Critical
67.50422788523309,73.3280366589545,428.651398888142,36,6.22111515924288,0.2142572416275823,7.760061266704593,81.5345726893257,High,0,40,80,Immediate Maintenance,2.0,Critical,80,289.3578171386909,231.48625371095272,Critical
36.32028390380858,35.44939324314004,262.07922532917405,13,6.1113714733201245,0.2792930956438851,5.542700630962374,28.253273100072462,High,0,40,80,Immediate Maintenance,2.0,Critical,80,95.18791869245824,76.15033495396659,High
88.47117469124666,78.16785656773905,490.5972221068195,3,11.481050345341234,0.2242356177886197,5.687582697072172,69.20142401265703,Medium,1,70,80,Immediate Maintenance,2.0,Critical,80,434.03712540052766,347.2297003204221,Critical
52.45460454802151,79.08872156725323,335.3639622330816,10,13.75118044558047,0.0988176872313382,4.502510066513825,34.77865991568096,Low,0,90,30,Normal Operation,7.0,Monitor,30,175.91384018593916,52.77415205578175,Medium
43.0562957279898,57.98540269445435,106.81913370402624,38,12.905205102716735,0.086873572458186,8.35237652359121,78.70016204873471,Medium,0,70,60,Inspection within 30 Days,4.0,Monitor,60,45.99236210168237,27.59541726100942,Low
32.85425990883348,25.415081661594183,354.2799029339453,1,6.411075940213511,0.211895810587316,8.17017957838538,66.03638923394863,Medium,0,70,60,Inspection within 30 Days,4.0,Monitor,60,116.39604011468136,69.83762406880881,High
71.36250602317693,43.657478656369335,196.2968069442645,27,10.455821217920665,0.0659324649199881,7.558273055037722,42.14507668813561,Medium,0,70,60,Inspection within 30 Days,4.0,Monitor,60,140.08232067890475,84.04939240734285,Critical
77.42950532895978,65.10024969442324,358.8472385087438,8,6.0559154597664,0.0368872951349782,4.8163040839065925,16.104196333926364,Low,0,90,30,Normal Operation,7.0,Monitor,30,277.8536416639528,83.35609249918585,Critical
31.16114802494993,88.77710157178252,81.33851667308258,17,5.452946436130775,0.1643446337082962,6.2900115587980325,68.61601470966457,Medium,0,70,60,Inspection within 30 Days,4.0,Monitor,60,25.346015581797843,15.207609349078707,Low
65.84651408094967,66.06787925608344,128.69664672918174,9,11.563858593847671,0.248276055235897,4.907567015886212,59.35078047721453,Medium,0,70,60,Inspection within 30 Days,4.0,Monitor,60,84.74225561024072,50.84535336614443,Medium
45.85470426385566,41.88723276917038,435.0817665076039,6,10.351523336803504,0.0394001543162604,4.563681069051194,10.2329374267031,Low,0,90,30,Normal Operation,7.0,Monitor,30,199.5054573380208,59.85163720140624,Medium
75.1620953286615,66.21037070147474,152.2308006605817,25,5.820236852114709,0.2396484839007614,6.964731860850389,10.753588477795626,High,0,40,80,Immediate Maintenance,2.0,Critical,80,114.41985951209108,91.53588760967287,Critical
42.2056500303494,60.09904968153061,426.66850635932303,39,5.349392464059885,0.2453558812619489,8.343317668320754,74.70343785541552,High,0,40,80,Immediate Maintenance,2.0,Critical,80,180.078216583735,144.062573266988,Critical
78.36564166717261,75.68995068482434,175.6742398044847,28,14.897564134093347,0.1498594600236476,8.111472093728601,30.751979104148308,Medium,0,70,60,Inspection within 30 Days,4.0,Monitor,60,137.668245266712,82.6009471600272,Critical
57.07147424103762,31.953741523752296,339.2968595264184,33,5.300213321490719,0.0266199899030411,7.2870192597416175,60.890693418245256,Medium,0,70,60,Inspection within 30 Days,4.0,Monitor,60,193.6417197852695,116.1850318711617,Critical
95.57109921157142,74.46681366263182,362.367758079424,37,9.445282530501595,0.060631056861684,4.886562336659486,46.3371535812198,Medium,0,70,60,Inspection within 30 Days,4.0,Monitor,60,346.31884958483346,207.79130975090007,Critical
39.62646609021952,60.182327613947166,280.6946389152738,9,10.046190246076955,0.2151536197969603,5.596656150689201,79.07440116174138,Medium,0,70,60,Inspection within 30 Days,4.0,Monitor,60,111.22936590682512,66.73761954409508,High
53.8746445735181,87.59448025083465,187.38980451352907,18,6.17280147800445,0.2164156040473753,5.780226907541164,83.3568890481991,High,0,40,80,Immediate Maintenance,2.0,Critical,80,100.95559114867416,80.76447291893933,Critical
37.94314648684124,47.22169079251459,145.68996936699324,21,6.690617784397163,0.2705230297986229,7.552600230982245,89.74461701430832,High,0,40,80,Immediate Maintenance,2.0,Critical,80,55.27935849355238,44.223486794841904,Medium
94.7285532794994,66.12042305370663,64.9352095530918,2,8.518050064103525,0.178978982500829,7.708996716940456,22.294730864579748,Medium,0,70,60,Inspection within 30 Days,4.0,Monitor,60,61.512184578655145,36.90731074719309,Medium
91.41375473666866,85.58182685815113,186.77588055832567,38,12.616758762136628,0.0459911366369954,6.040424491959682,79.03712371803803,Medium,0,70,60,Inspection within 30 Days,4.0,Monitor,60,170.73884536084103,102.44330721650462,Critical
48.05591394006089,31.66313231939415,343.9232557390774,36,10.070824240602668,0.0452103225964419,6.171535986470438,31.281710138304145,Medium,0,70,60,Inspection within 30 Days,4.0,Monitor,60,165.27546379782655,99.16527827869594,Critical
76.19888322239254,85.91985167036933,472.2371683018172,37,11.379018745529615,0.2191283836334788,4.678036157104685,57.265269991640615,High,0,40,80,Immediate Maintenance,2.0,Critical,80,359.83944840703504,287.871558725628,Critical
87.20555401408511,69.71257194955287,442.04201701837343,15,14.851745550906749,0.0632975528812913,5.656546873675044,50.46182670953687,Low,0,90,30,Normal Operation,7.0,Monitor,30,385.4851899159089,115.64555697477266,Critical
68.86405681196237,29.40940884183617,394.72914944088615,28,12.680054353132096,0.1052317948888155,6.30514070871056,11.439050525791012,Medium,0,70,60,Inspection within 30 Days,4.0,Monitor,60,271.8265057243477,163.09590343460863,Critical
67.07554048492045,44.56263185154306,404.8013044639844,18,9.343614981412175,0.151291482007355,4.967932185541031,84.62170239248758,Medium,0,70,60,Inspection within 30 Days,4.0,Monitor,60,271.522662859226,162.9135977155356,Critical
46.929660363031616,71.0311857619433,349.24320656419786,34,9.464419217965489,0.0171818144970838,6.313069843020085,16.266164411937474,Low,0,90,30,Normal Operation,7.0,Monitor,30,163.898650681539,49.1695952044617,Medium
36.51719374641294,29.37778909547016,167.12908590470136,22,11.18772077041005,0.0821575178357802,7.9127032490312015,65.05751355261887,Medium,0,70,60,Inspection within 30 Days,4.0,Monitor,60,61.03085210642872,36.61851126385723,Medium
92.80510305673288,62.84107991145776,458.2377638176234,11,11.653652084189044,0.1282879864671112,6.825284078900213,72.80054689666096,Medium,0,70,60,Inspection within 30 Days,4.0,Monitor,60,425.2680289558136,255.16081737348813,Critical
93.02926400143312,47.48239870194219,351.8295403576253,13,10.007109258366713,0.0910945323630298,4.815719420153649,73.62302792381473,Medium,0,70,60,Inspection within 30 Days,4.0,Monitor,60,327.304431934324,196.3826591605944,Critical
74.31710200912875,65.35950865488601,302.198283941198,4,11.448612228149798,0.049547394965594,5.266685275321097,20.839561514307583,Low,0,90,30,Normal Operation,7.0,Monitor,30,224.58500694641663,67.37550208392499,High
53.73208537340905,27.97323219781333,99.94526114606649,22,5.235324944140988,0.2211235547608972,6.398177400634225,45.80559604063777,High,0,40,80,Immediate Maintenance,2.0,Critical,80,53.70267304568107,42.962138436544855,Medium
54.44467022288626,81.64989239990446,251.17499471289145,7,9.29622863896844,0.2458128199987156,5.945948599287249,76.35430963471839,Medium,0,70,60,Inspection within 30 Days,4.0,Monitor,60,136.75139755378575,82.05083853227144,Critical
80.81689752091675,88.2767829965308,257.16122204086685,24,7.789380760734767,0.0846689030816802,5.934908078184395,34.214336830300375,Medium,0,70,60,Inspection within 30 Days,4.0,Monitor,60,207.8297212803045,124.6978327681827,Critical
92.7977181966804,87.97706059356995,439.0536242852015,4,6.291744452431104,0.2345816534358279,6.617069792574361,47.419894029973086,Medium,1,70,80,Immediate Maintenance,2.0,Critical,80,407.4317449964933,325.9453959971946,Critical
92.0960496985582,73.7273690632901,295.99169908450483,28,5.995465128087751,0.1218105336763809,6.83758368635783,31.82351141598766,Medium,0,70,60,Inspection within 30 Days,4.0,Monitor,60,272.59666229247244,163.55799737548347,Critical
84.59128821003367,33.45560560849108,221.1802470366844,15,11.031921656146675,0.1569388793476608,7.687446281104764,47.08411343082594,Medium,0,70,60,Inspection within 30 Days,4.0,Monitor,60,187.09922023446612,112.25953214067968,Critical
74.94221523080014,74.28710773538647,489.5601478297967,1,10.236005471526116,0.2582403117190143,5.863866253849938,81.0270338074304,High,0,40,80,Immediate Maintenance,2.0,Critical,80,366.8872196708296,293.5097757366637,Critical
35.889797549653416,26.59814956982209,99.82426699684206,3,7.535841169963692,0.2274865677226982,7.721865132162347,46.40993848262156,Medium,0,70,60,Inspection within 30 Days,4.0,Monitor,60,35.8267273305921,21.49603639835526,Low
41.31400998662296,26.438030849384823,240.14679274037508,14,9.709500587725143,0.2434838868816915,5.854444916450531,54.47296136594563,Medium,0,70,60,Inspection within 30 Days,4.0,Monitor,60,99.21426993531333,59.528561961188,Medium
92.89879319689555,46.034664244720176,68.91110382713238,38,9.922323151824084,0.0496850983100434,4.721731955764936,42.31810266424668,Medium,0,70,60,Inspection within 30 Days,4.0,Monitor,60,64.01758383406569,38.41055030043941,Medium
72.4500341761713,56.76180737630328,382.9568543451186,1,6.950089804386158,0.0302186334917815,6.716750604019165,46.80937465626605,Low,0,90,30,Normal Operation,7.0,Monitor,30,277.452371853029,83.2357115559087,Critical
30.643793613164075,75.07648215750656,463.1344484896178,38,11.520930618816507,0.2690873714355162,6.851609299579258,11.213935923713736,High,0,40,80,Immediate Maintenance,2.0,Critical,80,141.92196454662417,113.53757163729934,Critical
37.103008000622246,69.41419947942283,176.01679829772024,38,12.809193563860903,0.1224719381756173,8.23816098248744,32.69964079683648,Medium,0,70,60,Inspection within 30 Days,4.0,Monitor,60,65.30752675484227,39.184516052905366,Medium
76.4451238375639,53.98367591448864,436.2537545596044,21,12.91463540889519,0.0934851066402074,7.404245304249898,44.92653773934595,Medium,0,70,60,Inspection within 30 Days,4.0,Monitor,60,333.4947229191116,200.096833751467,Critical
30.35431086923531,42.78573330830828,181.498203707854,29,11.024698307034551,0.2201619137359291,8.171090609977758,60.70375807941831,Medium,0,70,60,Inspection within 30 Days,4.0,Monitor,60,55.09252897555997,33.05551738533598,Medium
41.2565635992249,89.81309251025122,459.8465727397618,5,10.11638582519014,0.2525605230081584,8.133388840972039,46.00415444431137,Medium,0,70,60,Inspection within 30 Days,4.0,Monitor,60,189.7168937412358,113.83013624474148,Critical
68.41136525566102,52.70178464533824,389.2828566185528,10,5.610071430053949,0.2601219903505072,6.918296441032968,37.02536346572512,High,0,40,80,Immediate Maintenance,2.0,Critical,80,266.3137169189893,213.05097353519145,Critical
78.43266383848854,54.34015658142891,412.2080495786474,28,7.878312988516058,0.1016391709263159,6.61104826134579,41.04789882753258,Medium,0,70,60,Inspection within 30 Days,4.0,Monitor,60,323.3057538412106,193.98345230472637,Critical
75.63728816518204,35.6355483774585,58.10295002020453,21,5.9327144677816985,0.2571415934484855,6.7297638686544,29.383466336037323,High,0,40,80,Immediate Maintenance,2.0,Critical,80,43.9474957392538,35.15799659140304,Medium
45.69885166223919,76.6626206687454,483.26466068331166,7,14.638231608784736,0.0218708438685601,8.413323230708992,83.95954262192423,Low,0,90,30,Normal Operation,7.0,Monitor,30,220.84640042169016,66.25392012650704,High
79.8525454943275,70.08934467579675,377.0019464316455,3,6.350801462257607,0.0244018325233184,7.592670766987835,51.73945806327317,Low,0,90,30,Normal Operation,7.0,Monitor,30,301.0456507888299,90.31369523664897,Critical
46.607436124776,39.35002483126942,187.13799292376,20,6.517754098511021,0.1908205666005047,4.925063619169583,11.072756309769847,Medium,0,70,60,Inspection within 30 Days,4.0,Monitor,60,87.22022051712928,52.332132310277565,Medium
52.77797887114874,30.354767965029776,423.22759918648114,19,13.895766183304922,0.0283008470435084,7.6137136271256,11.555700673563727,Low,0,90,30,Normal Operation,7.0,Monitor,30,223.37097287551111,67.01129186265334,High
82.25439835826168,69.23245463485635,176.68453928671846,35,14.439282834764578,0.1041366588679468,5.182152195592904,87.83693079616333,High,0,40,80,Immediate Maintenance,2.0,Critical,80,145.33080478235678,116.26464382588543,Critical
75.47430293330503,67.54322892827379,442.7392278047576,4,12.658290392349098,0.2050992360116079,6.289402196022502,27.7160713098596,Medium,0,70,60,Inspection within 30 Days,4.0,Monitor,60,334.1543459979382,200.4926075987629,Critical
89.44563873459245,42.76186925488361,100.66117568537166,5,5.054049236726699,0.1078073998557256,5.341838688706137,74.44866310514517,Medium,0,70,60,Inspection within 30 Days,4.0,Monitor,60,90.03703154953095,54.022218929718576,Medium
76.03290246102404,86.80613154627667,366.65868985735807,1,5.013462709565637,0.0620839366176278,7.258332262132919,14.662024124845958,Low,0,90,30,Normal Operation,7.0,Monitor,30,278.7812440241137,83.63437320723409,Critical
69.78160223348301,34.81876296575852,293.31431449020965,4,8.781007697874507,0.091591680337614,8.009238944772143,83.69301893556393,Medium,0,70,60,Inspection within 30 Days,4.0,Monitor,60,204.6794282314255,122.8076569388553,Critical
36.55723374796647,53.10176206776912,93.44051158794836,12,6.433953700108925,0.1426968463526252,5.661447541466724,79.95336029333427,Medium,0,70,60,Inspection within 30 Days,4.0,Monitor,60,34.15926623650198,20.49555974190119,Low
55.74010621416035,86.33503481089393,158.85222271647754,27,5.183861421515973,0.1478618980530898,4.828042964832751,55.68745299476117,High,0,40,80,Immediate Maintenance,2.0,Critical,80,88.54439766571913,70.8355181325753,High
48.56416573772079,52.28227560019795,55.58181632479165,23,9.640666894045047,0.2370700670906885,5.6939723922998535,10.719892582660462,Medium,0,70,60,Inspection within 30 Days,4.0,Monitor,60,26.99284540000737,16.19570724000442,Low
47.07927503653585,66.50418659816556,260.9455844590276,25,14.430618974069716,0.2275444365351386,7.1894474317287775,30.62486992186701,Medium,0,70,60,Inspection within 30 Days,4.0,Monitor,60,122.85128940316156,73.71077364189694,High
98.1107388326712,50.843635867581625,185.56936734200016,21,8.238195749024314,0.1424771633212792,5.8150405102178,42.5458117918772,Medium,0,70,60,Inspection within 30 Days,4.0,Monitor,60,182.06347734635,109.23808640781,Critical
57.51684072667323,42.82398815266355,319.26086793399145,24,11.611406784286965,0.2552435312386437,5.612448670215214,46.80512933980494,High,0,40,80,Immediate Maintenance,2.0,Critical,80,183.6287649121884,146.90301192975073,Critical
92.44325886239793,88.95854711738883,183.7570134688777,25,11.522353531324407,0.0431287701915047,5.23774076233706,33.81430068498976,Medium,0,70,60,Inspection within 30 Days,4.0,Monitor,60,169.87097163884602,101.9225829833076,Critical
74.1797038198084,51.6067104104778,184.9636001781431,32,7.510801036651678,0.0840524715663814,6.490065707497735,12.635829459642398,Medium,0,70,60,Inspection within 30 Days,4.0,Monitor,60,137.20545078660115,82.3232704719607,Critical
85.6367912479154,83.11644823914374,384.4369394292215,32,11.504252488238643,0.2501131744156529,5.60379531262875,57.21019247412337,High,1,40,100,Immediate Maintenance,0.0,Critical,100,329.2194592988774,329.2194592988774,Critical
65.18459651736345,39.9470493829206,71.66427619025905,5,7.123339742868913,0.1196182712015843,7.424041396557932,51.93237341558047,Medium,0,70,60,Inspection within 30 Days,4.0,Monitor,60,46.714069281709314,28.02844156902559,Low
70.38327192384514,38.851805761630416,456.3027478363943,36,6.220074135768891,0.2945426520502142,4.80648960796881,32.64005083432622,High,0,40,80,Immediate Maintenance,2.0,Critical,80,321.1608038056668,256.92864304453343,Critical
64.47623856732048,27.02371538749324,433.51874347603166,39,12.0138328555969,0.1452134516430722,7.15613213244527,13.038077405568522,Medium,0,70,60,Inspection within 30 Days,4.0,Monitor,60,279.51657927765626,167.70994756659377,Critical
43.66700914586312,67.35834364943253,350.5121074518829,16,6.134408171039167,0.2396613306594915,5.45024005827108,89.56753497775522,High,0,40,80,Immediate Maintenance,2.0,Critical,80,153.05815401837128,122.44652321469702,Critical
80.57164806830536,48.95421234204447,316.9497065483229,33,14.969092185893553,0.1266690420008878,6.457117044206413,48.55889494611248,Medium,0,70,60,Inspection within 30 Days,4.0,Monitor,60,255.37160211364136,153.2229612681848,Critical
49.654065370859904,81.1832862395764,451.5361241628435,21,6.834524011502293,0.1332365205281048,5.644359688125043,70.48033934192617,Medium,0,70,60,Inspection within 30 Days,4.0,Monitor,60,224.20604226486543,134.52362535891925,Critical
31.702117650201767,55.758643934951216,133.3985807879215,9,10.941418627564577,0.1210361127124132,7.391074704043183,46.18512280410684,Low,0,90,30,Normal Operation,7.0,Monitor,30,42.29017502508633,12.687052507525898,Low
75.18306071350175,87.9325728144569,85.53612298587288,6,9.113745714125894,0.2185319299481354,8.281228161006547,13.453623269035315,Medium,0,70,60,Inspection within 30 Days,4.0,Monitor,60,64.30867527644433,38.5852051658666,Medium
42.39774755849343,37.05915852070287,157.77957645929214,35,6.263864224056671,0.1687801863773984,8.168307117879253,34.768059606840005,Medium,0,70,60,Inspection within 30 Days,4.0,Monitor,60,66.89498652607081,40.13699191564248,Medium
95.832100904704,81.4605059171147,407.5602254150856,39,5.278439075774134,0.283695652296827,6.833704860576365,35.608811280472096,High,1,40,100,Immediate Maintenance,0.0,Critical,100,390.5735264672239,390.5735264672239,Critical
96.77500039018112,75.47879543146321,65.60162002691749,22,11.227322822928333,0.0827581917948903,6.3504412130279135,77.06823232392128,Medium,0,70,60,Inspection within 30 Days,4.0,Monitor,60,63.48596803701454,38.09158082220872,Medium
94.0405073154314,75.10991990186338,312.2630757875704,5,13.06757563789126,0.0391631923041988,7.773202037757527,62.33839823998995,Low,0,90,30,Normal Operation,7.0,Monitor,30,293.65378062940124,88.09613418882037,Critical
55.9111090178811,79.91090982759769,497.9468822860895,23,13.42015661506744,0.1240458306787724,7.23330545051092,32.03439229115783,Medium,0,70,60,Inspection within 30 Days,4.0,Monitor,60,278.4076242061156,167.04457452366935,Critical
31.08196315702072,74.46655941129492,435.0632422268927,17,9.827134730769345,0.188846685217565,5.234256456867731,87.41919637272689,Medium,0,70,60,Inspection within 30 Days,4.0,Monitor,60,135.2261966587026,81.13571799522157,Critical
94.98229938114078,65.704320906042,284.65056006961527,12,12.774554671823855,0.2596316917054935,7.783676854452,35.72334659182971,Medium,1,70,80,Immediate Maintenance,2.0,Critical,80,270.367647155416,216.29411772433284,Critical
59.972890382212,33.5309170493552,78.63840917898905,23,11.728471334885448,0.110397097137295,6.215537557578841,89.85872206629763,Medium,0,70,60,Inspection within 30 Days,4.0,Monitor,60,47.16172693523045,28.297036161138266,Low
97.66583733305688,27.11420166693137,424.1180814735694,16,12.242545274991333,0.1995981578260938,5.255942639884701,89.69309545362105,High,0,40,80,Immediate Maintenance,2.0,Critical,80,414.218475552058,331.3747804416464,Critical
97.45339839624768,84.85511010801964,319.54032867974473,3,9.92599005221814,0.1115576174967335,5.627189401585969,25.296841419739344,Medium,0,70,60,Inspection within 30 Days,4.0,Monitor,60,311.40290954495094,186.84174572697054,Critical
89.71066188271521,65.08227044384797,101.71984867680509,30,11.33411740242127,0.1889936790683928,5.570108120993369,35.019289295072014,High,0,40,80,Immediate Maintenance,2.0,Critical,80,91.25354951405818,73.00283961124654,High
50.611422444871,76.77492391345146,92.23577817051029,22,13.05525913576057,0.2665943046388888,6.576827898413841,48.883535878772335,High,0,40,80,Immediate Maintenance,2.0,Critical,80,46.68183933519107,37.34547146815285,Medium
56.956841002134766,56.29895284831575,459.3320687464666,9,8.97884175557023,0.0770937162552286,5.437480362711503,63.12805369183128,Medium,0,70,60,Inspection within 30 Days,4.0,Monitor,60,261.62103606774133,156.9726216406448,Critical
89.57956700617999,32.625032282555644,351.1401183221353,29,13.059789008675835,0.1272300762110413,4.994265949606305,52.243795920303945,Medium,0,70,60,Inspection within 30 Days,4.0,Monitor,60,314.5497975779569,188.72987854677413,Critical
52.18454036093944,33.13707649316578,423.17905969254,37,10.920168427890628,0.2980469069646265,4.9947634024550425,87.55531753058054,High,0,40,80,Immediate Maintenance,2.0,Critical,80,220.83404720429752,176.66723776343804,Critical
41.86449226802648,69.56174366988313,445.5405051270203,23,6.659010243707862,0.2618815381923436,6.833104788556387,67.91913313885532,High,0,40,80,Immediate Maintenance,2.0,Critical,80,186.52327031982756,149.21861625586206,Critical
68.97608837208452,52.969883168465074,307.297558421745,13,5.246841572245846,0.1737455587898985,7.439037155397514,26.96358795063795,Medium,0,70,60,Inspection within 30 Days,4.0,Monitor,60,211.96183546224088,127.17710127734453,Critical
95.53083419125468,38.03410723552189,282.8508582897685,32,8.627536003991521,0.1598220016377398,5.786132035353363,18.407804017091067,Medium,0,70,60,Inspection within 30 Days,4.0,Monitor,60,270.2097844413395,162.1258706648037,Critical
78.7220857672481,56.9536455381934,243.6923346444456,23,10.466963282963398,0.0925341108683574,4.638602839256068,65.07210325674853,Medium,0,70,60,Inspection within 30 Days,4.0,Monitor,60,191.83968868700973,115.10381321220584,Critical
69.90428190625555,29.173580909883714,192.62596450600367,17,13.398203522034883,0.1599907340311235,5.008899547748043,22.67619521446104,Medium,0,70,60,Inspection within 30 Days,4.0,Monitor,60,134.65379725292055,80.79227835175233,Critical
36.8023545639538,62.82814112443592,245.5681823864203,21,6.274856801402462,0.2559726345011846,8.158778241348228,73.01414722686033,High,0,40,80,Immediate Maintenance,2.0,Critical,80,90.37487317810714,72.2998985424857,High
73.05050586894188,42.484571288281344,398.2458450785704,2,13.002063476835792,0.2087006088505563,6.4741746383578125,34.882933380826955,Medium,0,70,60,Inspection within 30 Days,4.0,Monitor,60,290.9206044319383,174.55236265916298,Critical
99.30376950729844,76.84134154141722,320.86554395680923,37,13.63009046067227,0.0941127681716161,6.314291238460699,36.15146104444853,Medium,0,70,60,Inspection within 30 Days,4.0,Monitor,60,318.6315801992092,191.17894811952553,Critical
39.80588106655668,45.17352733003229,451.6354804796807,6,6.506874870008338,0.0684245371055245,4.652196713240364,10.863871391160956,Low,0,90,30,Normal Operation,7.0,Monitor,30,179.77748221411352,53.93324466423405,Medium
66.28307566546158,54.58930969031708,249.5210064706345,18,13.51594319304219,0.0869104757290804,7.414548089267596,66.08090136760325,Medium,0,70,60,Inspection within 30 Days,4.0,Monitor,60,165.39019752015196,99.23411851209117,Critical
91.41611503495687,25.75533509402654,323.1903104234393,30,14.91453567842792,0.0592301684039196,6.612272323728316,19.061580245174863,Medium,0,70,60,Inspection within 30 Days,4.0,Monitor,60,295.4480259585255,177.2688155751153,Critical
81.85380324279431,29.709047706646327,334.08839889139495,22,12.268388310482376,0.0377358018468776,5.308323744346083,71.83044619708144,Medium,0,70,60,Inspection within 30 Days,4.0,Monitor,60,273.4640606855643,164.07843641133854,Critical
78.79110186966875,50.51208116643451,316.2637230378465,33,12.84769681824988,0.1315494905881959,4.940295040724228,49.34942575337654,Medium,0,70,60,Inspection within 30 Days,4.0,Monitor,60,249.18767219555667,149.512603317334,Critical
79.17388587909764,56.19602425661303,366.1851978884824,30,14.944152675588734,0.0428568852754976,6.033551454527994,72.74238519636553,Medium,0,70,60,Inspection within 30 Days,4.0,Monitor,60,289.9230506823749,173.9538304094249,Critical
55.16438058538286,64.00133562775474,156.84506076866282,17,11.054812505259454,0.0598546417408602,7.848647856780103,56.71412313581931,Low,0,90,30,Normal Operation,7.0,Monitor,30,86.52260625180017,25.95678187554005,Low
50.55142909851453,43.95806761610472,280.5636998956058,32,8.078863820162494,0.1687241584584509,7.961178236804098,16.594661761519262,Medium,0,70,60,Inspection within 30 Days,4.0,Monitor,60,141.82895982889625,85.09737589733776,Critical
86.65528088349595,70.17382259822526,96.90116126375644,14,13.375308340760556,0.0577337893728766,6.911385521582545,71.25218693641465,Medium,0,70,60,Inspection within 30 Days,4.0,Monitor,60,83.9699734724775,50.38198408348651,Medium
86.70793762754266,80.9079558172983,223.0300974401657,10,11.144857775116312,0.0285251325549618,7.41014570892057,15.58395879157998,Low,0,90,30,Normal Operation,7.0,Monitor,30,193.3847977790665,58.015439333719954,Medium
90.69506230060726,75.69031427806775,269.45018087956896,36,10.811954237209566,0.1020427665080866,4.960623149611481,48.29613764554658,Medium,0,70,60,Inspection within 30 Days,4.0,Monitor,60,244.37800941782405,146.62680565069442,Critical
93.926838678953,27.575223647643213,343.5009167954626,34,7.536355555140383,0.0738925386003705,6.852504261871419,23.78793713159706,Medium,0,70,60,Inspection within 30 Days,4.0,Monitor,60,322.6395519791988,193.5837311875193,Critical
65.79396792026564,56.23295157175888,477.7389736637916,9,12.563342695828863,0.1594385045183692,7.167862813948727,70.1868142382308,Medium,0,70,60,Inspection within 30 Days,4.0,Monitor,60,314.3234270749614,188.59405624497683,Critical
65.10614062810397,31.820461597181367,320.29297994676017,28,5.816672758600962,0.0396864545291307,5.302851371655169,82.92729822449013,Medium,0,70,60,Inspection within 30 Days,4.0,Monitor,60,208.53039794608253,125.11823876764953,Critical
85.88066252767426,40.73292603106429,384.6172622794519,11,14.242870707946611,0.2280135284280636,8.020618931641035,54.33009306866194,Medium,1,70,80,Immediate Maintenance,2.0,Critical,80,330.31185304139586,264.24948243311667,Critical
75.49747515444356,89.13306856236451,277.81972677284125,14,8.258234607704846,0.2728077206361902,5.279986950084079,52.17178354393444,High,0,40,80,Immediate Maintenance,2.0,Critical,80,209.7468791944688,167.79750335557503,Critical
79.13768140803924,34.26221028859836,335.34681411934906,39,6.277746527899905,0.2255962004472963,5.753909439385802,71.11705570604943,High,0,40,80,Immediate Maintenance,2.0,Critical,80,265.38569336978003,212.30855469582403,Critical
85.70548686052707,57.42772997433814,81.91949726019804,19,9.42366533102419,0.1645198408464043,6.982227388093834,10.406305038058177,Medium,0,70,60,Inspection within 30 Days,4.0,Monitor,60,70.20950396054887,42.12570237632933,Medium
92.30037392722964,65.18012273067774,164.47621137883112,15,5.424699092565332,0.2595936683187766,7.053400260522923,83.42069141081285,High,1,40,100,Immediate Maintenance,0.0,Critical,100,151.81215812400177,151.81215812400177,Critical
53.65966097960751,70.66022308536677,212.8338919423124,28,11.846261942649663,0.2115263301366371,7.297538963949469,25.795905367290537,Medium,0,70,60,Inspection within 30 Days,4.0,Monitor,60,114.205944865949,68.52356691956939,High
56.29080668479608,61.377164426649415,262.62200975293115,24,14.02705510445356,0.013059825510555,4.948046852272823,88.72951070609898,Medium,0,70,60,Inspection within 30 Days,4.0,Monitor,60,147.83204782174877,88.69922869304926,Critical
36.57873578886083,25.635105082246938,70.54193547607268,8,13.372630071385087,0.1242861443046058,7.897857719714221,68.90031583683697,Low,0,90,30,Normal Operation,7.0,Monitor,30,25.80334819814131,7.741004459442394,Low
70.47960986973217,46.21998503585947,113.01084389899296,9,6.273694734478811,0.256776050827972,6.631388529133039,71.94009181605368,High,0,40,80,Immediate Maintenance,2.0,Critical,80,79.64960189050227,63.71968151240181,High
32.515959165771946,58.651256820006246,174.5664385060876,33,6.262711371077319,0.110299068812828,6.385287176420274,62.49623842988853,Medium,0,70,60,Inspection within 30 Days,4.0,Monitor,60,56.76195186178184,34.0571711170691,Medium
62.59186126927221,30.71132244441417,487.1897109054728,33,13.13434482324264,0.0202124003224018,8.424390498054038,47.73305462281282,Low,0,90,30,Normal Operation,7.0,Monitor,30,304.94110796812186,91.48233239043655,Critical
67.98512442953037,47.790750528596746,199.10615319637284,19,14.24254274603116,0.2263920951801589,7.461513187764079,55.73021546889324,Medium,0,70,60,Inspection within 30 Days,4.0,Monitor,60,135.36256599740543,81.21753959844325,Critical
50.05788764897991,27.158202071438826,266.9184761504372,3,9.60669829833489,0.2425910983820318,4.9720241064775,13.712230881210052,Medium,0,70,60,Inspection within 30 Days,4.0,Monitor,60,133.61375090575507,80.16825054345304,Critical
71.35832823983075,30.10760231507635,138.2439707322768,10,9.98971116913766,0.0565721715625594,7.526156668904963,59.91676075456114,Low,0,90,30,Normal Operation,7.0,Monitor,30,98.64858640691364,29.594575922074092,Low
32.13501749573346,50.80001295310375,324.8510319840957,1,8.182620413857258,0.1658287440845225,4.880995735891478,60.08784815896374,Medium,0,70,60,Inspection within 30 Days,4.0,Monitor,60,104.39093596315983,62.6345615778959,High
32.61437321244501,33.626524012798924,176.30744698218842,29,13.94265118256414,0.0656670773087604,4.609882250051939,81.29606379214476,Medium,0,70,60,Inspection within 30 Days,4.0,Monitor,60,57.50156876010455,34.50094125606273,Medium
87.58203924617608,61.89015513700128,143.14666029729204,34,11.44902905292356,0.2185779815228025,6.114503581079589,50.45250859441755,High,1,40,100,Immediate Maintenance,0.0,Critical,100,125.37076420116468,125.37076420116468,Critical
55.21334489878841,69.81522299392228,282.4576828006906,13,7.882515771673685,0.0887496320014708,8.474312691276875,16.17154992688488,Low,0,90,30,Normal Operation,7.0,Monitor,30,155.95433459787102,46.78630037936131,Medium
38.894235885631936,77.03813544209038,52.47760962218937,1,7.987828710542516,0.1017023855433657,5.199535744779451,34.4956736385665,Low,0,90,30,Normal Operation,7.0,Monitor,30,20.410765273595416,6.123229582078625,Low
66.5570282038363,38.009765875912656,53.448814692151394,34,13.912000730636024,0.2550415475556293,7.190577374107161,62.4503529691454,High,0,40,80,Immediate Maintenance,2.0,Critical,80,35.5739426692714,28.45915413541712,Low
83.89954871690276,35.88636784683953,148.580964095836,29,5.136340239058215,0.1481334821400022,5.193584264824477,29.140709020117114,High,0,40,80,Immediate Maintenance,2.0,Critical,80,124.65875835562971,99.72700668450378,Critical
45.10747192477902,31.796909621736017,66.52461312536951,13,8.227265727266385,0.2042287908532918,7.399147899833544,32.44222574843207,Medium,0,70,60,Inspection within 30 Days,4.0,Monitor,60,30.00757118859391,18.004542713156347,Low
73.60233330733001,66.36796622033638,98.61158935881112,29,10.54356681216369,0.1266881847095156,6.5214146729513045,75.63752130886827,Medium,0,70,60,Inspection within 30 Days,4.0,Monitor,60,72.58043067952774,43.54825840771664,Medium
35.97432254956376,70.92092222164857,202.48729220243823,39,6.482174620993247,0.096421988586189,7.219886840357505,56.74557854101672,Medium,0,70,60,Inspection within 30 Days,4.0,Monitor,60,72.8434316187828,43.706058971269684,Medium
33.617720481802536,27.05309941366673,411.1635558109158,24,5.920987541995898,0.1913886375231518,5.311492703656938,50.6821945418858,High,0,40,80,Immediate Maintenance,2.0,Critical,80,138.22381491555385,110.57905193244306,Critical
67.19482420977036,85.85379600583984,307.4218895161854,26,13.1527633109056,0.0549086964828581,7.482513330082008,35.47615734446435,Low,0,90,30,Normal Operation,7.0,Monitor,30,206.57159824275524,61.97147947282658,High
67.84445851270746,28.378133437345703,280.7004766803874,17,13.944043886485073,0.1181699523143902,8.482476238490827,68.47424287464267,Medium,0,70,60,Inspection within 30 Days,4.0,Monitor,60,190.43971844639756,114.26383106783855,Critical
74.62009310487446,60.18426179456958,182.0699704436548,7,13.236064207981894,0.0706207408419174,7.162602002503839,33.017474759202344,Low,0,90,30,Normal Operation,7.0,Monitor,30,135.86078146107263,40.758234438321786,Medium
80.82639336058631,71.08893376430956,469.28917374476737,13,13.987878897373475,0.2117805404128162,6.473919992291511,68.96508141153402,Medium,1,70,80,Immediate Maintenance,2.0,Critical,80,379.309513569591,303.4476108556728,Critical
98.30964556237744,81.61299304349556,228.65676855673624,5,10.531119710583717,0.2838205631203712,8.19269595447706,15.60811842139536,Medium,1,70,80,Immediate Maintenance,2.0,Critical,80,224.7916587225131,179.8333269780105,Critical
66.14102438108367,71.4156505886078,89.19174505809717,26,13.12258120990342,0.2986981807246012,4.563407368927505,79.1633073265667,High,0,40,80,Immediate Maintenance,2.0,Critical,80,58.99233384479004,47.19386707583203,Medium
52.606953105887214,77.11232539953647,327.6799322530106,3,8.840426383911005,0.1405802750280613,7.419694077143284,49.96531707007463,Medium,0,70,60,Inspection within 30 Days,4.0,Monitor,60,172.38242829774427,103.42945697864656,Critical
85.66303363380925,47.0642625152824,101.22727706447064,7,11.662678614790384,0.0832338129945688,8.054986067255252,45.0806413359176,Low,0,90,30,Normal Operation,7.0,Monitor,30,86.71435639832676,26.014306919498026,Low
48.95825758834519,77.9636323935233,205.35041426076145,39,14.888355313891644,0.138420517411454,4.746698334483829,58.88187292335396,Medium,0,70,60,Inspection within 30 Days,4.0,Monitor,60,100.53598477251754,60.32159086351052,High
60.72799944939453,30.207465015003883,278.335372423014,1,7.257277238391274,0.2557081288891898,6.300256681663033,59.93536583170163,Medium,0,70,60,Inspection within 30 Days,4.0,Monitor,60,169.02750343251816,101.41650205951089,Critical
35.49194669395862,83.1630826439343,443.4001361083291,17,8.898997462910806,0.0697416467800915,5.318877815799995,20.56281415119965,Low,0,90,30,Normal Operation,7.0,Monitor,30,157.3713399485081,47.21140198455243,Medium
31.774552039082025,60.59350444999286,272.0959611530534,25,9.800473773100856,0.2861077389793479,6.76607266235132,70.49868718529706,High,0,40,80,Immediate Maintenance,2.0,Critical,80,86.45727277281736,69.16581821825389,High
97.38538902745476,78.12435504756209,366.0164447142489,3,6.380154870200517,0.1091410729514637,7.098171834414642,32.07426383600503,Medium,0,70,60,Inspection within 30 Days,4.0,Monitor,60,356.4465385894302,213.86792315365813,Critical
88.51860843585442,54.40068849368951,496.7675775495817,15,5.810386104650568,0.2958830612405884,5.71049273171502,82.39695041359312,High,1,40,100,Immediate Maintenance,0.0,Critical,100,439.7317468073936,439.7317468073936,Critical
78.71819442655885,66.83255018777413,109.17010395409172,29,13.297228663216243,0.253196577384849,6.339926678712404,75.4280530731866,High,0,40,80,Immediate Maintenance,2.0,Critical,80,85.93673468625833,68.74938774900666,High
58.62670610899889,59.21617296084736,173.62918648378377,32,14.767943728275862,0.2444854549027431,5.617357941106238,37.70128332277988,High,0,40,80,Immediate Maintenance,2.0,Critical,80,101.79307287929356,81.43445830343485,Critical
42.130602404959205,72.55331891409656,227.55923401894088,26,9.047250638296587,0.1021923553942522,5.977564657820455,74.61914345605716,Medium,0,70,60,Inspection within 30 Days,4.0,Monitor,60,95.87207612029066,57.5232456721744,Medium
40.95059298697602,30.305948831988324,239.8226803424741,16,5.876498361946533,0.0125453914648995,5.138159826753695,38.51123994399234,Low,0,90,30,Normal Operation,7.0,Monitor,30,98.20880971750312,29.462642915250935,Low
47.51700287152167,28.92288545938665,234.9594838694956,25,5.658117606905765,0.1208185435595364,8.042237774342526,18.07581453088325,Medium,0,70,60,Inspection within 30 Days,4.0,Monitor,60,111.64570469718072,66.98742281830843,High
68.44586652942843,41.06171021065952,458.4249511504497,28,13.913182063602989,0.0975247172021811,4.540041642236545,86.95105909805663,Medium,0,70,60,Inspection within 30 Days,4.0,Monitor,60,313.7729302020343,188.26375812122058,Critical
80.02171458900436,35.37040420735724,371.31469001008537,9,9.6381424972768,0.0208451272185512,8.029636745775154,62.2081612172352,Low,0,90,30,Normal Operation,7.0,Monitor,30,297.1323814669168,89.13971444007504,Critical
76.21381637024119,81.66593182849311,323.5573463408167,1,8.20027316562392,0.1565559243867196,6.7867155133989545,46.487962133007336,Medium,0,70,60,Inspection within 30 Days,4.0,Monitor,60,246.59540179261532,147.9572410755692,Critical
49.595372786216,39.24890917827288,189.217723038252,29,9.764612712393994,0.1268790802719936,5.82663137670807,41.82186812248317,Medium,0,70,60,Inspection within 30 Days,4.0,Monitor,60,93.84323511841076,56.305941071046455,Medium
96.8405696464236,88.43124162824353,420.7056728995826,22,8.183040946923473,0.1940213756450421,7.392228501841319,35.97642674066112,Medium,0,70,60,Inspection within 30 Days,4.0,Monitor,60,407.41377017077536,244.44826210246524,Critical
81.65278416870379,46.89822646512194,479.777230168245,16,9.8903577530762,0.1901440334362841,6.531008607450657,88.51580763433034,High,0,40,80,Immediate Maintenance,2.0,Critical,80,391.7514662398623,313.40117299188984,Critical
68.80478367579805,36.837664519765454,419.53922714760193,7,13.595563969179368,0.0450165244100372,6.496434632430426,20.779781210472592,Low,0,90,30,Normal Operation,7.0,Monitor,30,288.6630576740225,86.59891730220676,Critical
72.82045223640466,76.33040296426114,50.70429733616281,14,10.923013710620957,0.2933200083767205,4.940569131675866,35.18440471364546,High,0,40,80,Immediate Maintenance,2.0,Critical,80,36.92309862348504,29.53847889878803,Low
59.372004369945294,67.81600540755696,336.38061658253315,29,11.946537728101754,0.0642101145380196,6.058064103781635,48.83981122261308,Medium,0,70,60,Inspection within 30 Days,4.0,Monitor,60,199.7159143770305,119.8295486262183,Critical
47.34116926508102,57.382721569454034,73.01092164894533,19,8.646706762343365,0.1391294671817643,5.464257383426947,48.23996360434492,Medium,0,70,60,Inspection within 30 Days,4.0,Monitor,60,34.564223999822886,20.738534399893734,Low
54.91808750558831,61.09863081094603,165.92324915017485,19,12.385058785105189,0.1515540875957831,4.562783622385119,47.70931875262748,Medium,0,70,60,Inspection within 30 Days,4.0,Monitor,60,91.12187516040836,54.67312509624502,Medium
83.04922773250584,71.74811558769716,76.78611515649726,2,11.666170848793724,0.2457882111920948,5.940398523128453,24.062705266430548,Medium,1,70,80,Immediate Maintenance,2.0,Critical,80,63.7702756432636,51.016220514610886,Medium
31.00754420408291,39.849558186534416,321.70795382722446,15,6.195619977520565,0.0387765828674475,4.859288517702419,21.594602168760044,Low,0,90,30,Normal Operation,7.0,Monitor,30,99.75373599102726,29.926120797308176,Low
38.12508483548414,89.76170454368823,358.9654610716731,3,10.726428531155848,0.1343068409704742,5.52732015090074,30.381406906289605,Low,0,90,30,Normal Operation,7.0,Monitor,30,136.85588656366215,41.05676596909864,Medium
33.22018494152269,88.3615555395409,101.5194371296573,11,7.56743496309758,0.1922656293684991,4.870066484732378,83.16209230416449,Medium,0,70,60,Inspection within 30 Days,4.0,Monitor,60,33.72494476606501,20.234966859639005,Low
32.85101616232791,67.27116961255089,222.7274973702408,30,13.040956696335927,0.0723951302709761,4.903766502225595,19.04423742676081,Low,0,90,30,Normal Operation,7.0,Monitor,30,73.16824615904628,21.950473847713884,Low
89.8822408807705,37.97025931039443,255.30642902999392,18,9.259377084669396,0.1919656906421611,5.296045177660753,70.59400826986598,High,0,40,80,Immediate Maintenance,2.0,Critical,80,229.4751395248325,183.580111619866,Critical
79.25605015660166,69.21483575803393,216.0738597924125,2,14.946841651964872,0.2778628028893992,8.499396977945601,70.6038714506697,Medium,0,70,60,Inspection within 30 Days,4.0,Monitor,60,171.25160669237957,102.75096401542774,Critical
63.19216803611276,29.69289658364643,104.46125021833689,32,5.925004379389637,0.2992802580400757,4.508736571428996,74.78163231178098,High,0,40,80,Immediate Maintenance,2.0,Critical,80,66.01132877059565,52.80906301647652,Medium
36.848391245570106,26.9924126433774,238.52650558436395,8,12.803478627401583,0.0194108122692959,7.0546905444816215,80.92923911914843,Low,0,90,30,Normal Operation,7.0,Monitor,30,87.89318000211306,26.36795400063392,Low
64.41311125817826,41.74938775322889,388.0301215137882,22,11.737017335421564,0.0783205861909564,5.064974792106229,31.04289420311442,Medium,0,70,60,Inspection within 30 Days,4.0,Monitor,60,249.94227388592068,149.96536433155242,Critical
63.1430239546396,55.07049218805556,81.95344903996497,6,12.674988305907052,0.0999890635795922,8.182512546843103,27.96475754151171,Low,0,90,30,Normal Operation,7.0,Monitor,30,51.74788595895844,15.524365787687533,Low
42.12413089370106,81.43771285154473,86.08100633685655,12,8.075297954904563,0.1257465691290401,4.874531573334517,47.24045332219838,Medium,0,70,60,Inspection within 30 Days,4.0,Monitor,60,36.26087578395255,21.75652547037153,Low
60.36961544665812,72.26598953481002,209.6470813261929,36,9.920544893824006,0.0802545756995825,8.320252748504945,31.20713350016289,Medium,0,70,60,Inspection within 30 Days,4.0,Monitor,60,126.56313679176526,75.93788207505915,High
57.895331407816144,73.27592387799876,473.7765702285163,15,12.965085197237084,0.0690115184210406,6.943705549933911,68.7447991186486,Medium,0,70,60,Inspection within 30 Days,4.0,Monitor,60,274.29451546638427,164.57670927983057,Critical
73.10950686365516,52.6570667391249,350.85769102531134,28,7.32541331620855,0.2868206143010749,4.505072307661961,60.87516613931469,High,0,40,80,Immediate Maintenance,2.0,Critical,80,256.510327701812,205.2082621614496,Critical
74.45655556073507,47.48577451555259,355.4014805026542,18,7.260331967886521,0.2763712648034501,8.076028791667223,79.99901504421211,High,0,40,80,Immediate Maintenance,2.0,Critical,80,264.61970079413373,211.69576063530698,Critical
33.17128068404312,49.11751959399918,212.86399587703923,2,10.510509532949325,0.023627825290904,6.586847205467674,16.619064278965723,Low,0,90,30,Normal Operation,7.0,Monitor,30,70.60971354764266,21.182914064292795,Low
56.22288302385299,89.19722164284376,317.1473560438423,13,10.235635795298558,0.1082557762654059,5.550678941321938,83.20666666864598,Medium,0,70,60,Inspection within 30 Days,4.0,Monitor,60,178.30938700177202,106.98563220106321,Critical
73.81019409999655,27.60709744181136,54.55903281248452,15,7.822624704129328,0.1274930805667379,7.56911671006252,33.46789013360716,Medium,0,70,60,Inspection within 30 Days,4.0,Monitor,60,40.27012801797563,24.16207681078538,Low
65.21953810060614,81.35704724795916,336.243220884294,20,7.980756505248228,0.0793142150531235,8.20666221554748,49.25554767415872,Medium,0,70,60,Inspection within 30 Days,4.0,Monitor,60,219.2962755553374,131.57776533320245,Critical
89.95428888318256,62.61390155720557,460.97912640930656,29,7.778451632065655,0.1923731401265709,6.434763292587176,45.0889148751715,High,0,40,80,Immediate Maintenance,2.0,Critical,80,414.6704950613989,331.73639604911915,Critical
76.10855421332616,53.510002247323385,325.6580607551686,29,12.715120619984877,0.1957104165268299,5.762213897772444,70.8249320883539,High,0,40,80,Immediate Maintenance,2.0,Critical,80,247.8536417199141,198.2829133759313,Critical
41.40540989570008,72.14174792698387,443.1643670598553,3,11.519008655624608,0.2566462262152931,7.655780495739707,43.626664754547406,Medium,0,70,60,Inspection within 30 Days,4.0,Monitor,60,183.494022692818,110.09641361569079,Critical
34.93981231803009,56.633481192605686,375.7878749597422,19,13.324171834102527,0.2248520878317131,7.227141991153818,85.48425165195275,Medium,0,70,60,Inspection within 30 Days,4.0,Monitor,60,131.29957822484755,78.77974693490853,High
74.96934947444208,81.77251047530794,104.2512873816606,3,14.75473028314022,0.1673462648201271,8.05500993500109,82.20271061108603,Medium,0,70,60,Inspection within 30 Days,4.0,Monitor,60,78.15651196876208,46.89390718125725,Medium
31.855791737913528,83.5456211607318,456.1039882786288,14,9.741642962719864,0.1995401633128817,7.270056051044772,79.77289215756052,Medium,0,70,60,Inspection within 30 Days,4.0,Monitor,60,145.2955366143575,87.1773219686145,Critical
71.00429068914244,52.4118602467746,79.8997299600987,4,5.666938814054489,0.0894567466474752,5.474113355598146,15.700666611858232,Low,0,90,30,Normal Operation,7.0,Monitor,30,56.73223652070831,17.019670956212494,Low
95.81611689974704,42.99380682027835,290.2853626464937,11,5.480923104120354,0.1819862950905337,8.226636999036076,78.34064492431516,High,0,40,80,Immediate Maintenance,2.0,Critical,80,278.140162416219,222.51212993297523,Critical
70.28319245131152,63.50277135856855,113.96170570705596,31,7.956650392716192,0.1518759038774765,4.919342988823965,72.53083563545684,High,0,40,80,Immediate Maintenance,2.0,Critical,80,80.09592494288741,64.07673995430993,High
57.17189483445654,84.30361746508491,55.26797482890683,32,14.32544589352451,0.0486698955217474,5.571771000427392,18.28103576049048,Low,0,90,30,Normal Operation,7.0,Monitor,30,31.597748446316523,9.479324533894957,Low
75.03017529096472,38.69304228536833,239.9154170574376,27,10.23213054970875,0.0803378402090615,6.580778430895542,18.59314603489775,Medium,0,70,60,Inspection within 30 Days,4.0,Monitor,60,180.00895796824452,108.00537478094671,Critical
62.07770233440616,65.49282793162638,182.76831844437032,30,7.717865160801292,0.0945911007092599,6.762968104283606,18.09310492140329,Medium,0,70,60,Inspection within 30 Days,4.0,Monitor,60,113.45837268549576,68.07502361129745,High
68.19317525211545,66.05141430601384,268.70022220892133,2,8.991667945110196,0.2780497744452418,4.561242346507622,10.906607456359003,Medium,0,70,60,Inspection within 30 Days,4.0,Monitor,60,183.2352134337534,109.94112806025203,Critical
95.90253661435676,72.65234645699326,309.73994903054785,9,10.985951074046708,0.0768121254219079,7.62229090328376,53.89074441556669,Medium,0,70,60,Inspection within 30 Days,4.0,Monitor,60,297.0484680283111,178.22908081698668,Critical
57.0271846460542,33.551899533271886,69.68258253902631,28,11.529496581378424,0.0938807318177037,5.946429273701558,87.87154331488347,Medium,0,70,60,Inspection within 30 Days,4.0,Monitor,60,39.73801501066966,23.842809006401797,Low
97.283339467674,71.52862270433576,105.35148280568554,31,6.53919509782905,0.1171126977259353,6.125674164008551,45.09477623198349,High,0,40,80,Immediate Maintenance,2.0,Critical,80,102.48944065208326,81.9915525216666,Critical
93.37454493692448,84.08711384326666,301.38907840269144,34,14.77031676545176,0.2024853942013622,7.737478177747783,53.26060015098851,High,1,40,100,Immediate Maintenance,0.0,Critical,100,281.42068044810367,281.42068044810367,Critical
43.70537943525075,36.67940207656573,204.4253089276962,15,10.447722269827889,0.0442891338169207,6.017133566910179,87.43758374159644,Medium,0,70,60,Inspection within 30 Days,4.0,Monitor,60,89.34485692853313,53.60691415711988,Medium
34.85529106126158,40.440316120052046,378.1280693972516,25,6.356883177922793,0.286644111623195,4.68889950597902,30.41457830193845,High,0,40,80,Immediate Maintenance,2.0,Critical,80,131.7976391727412,105.43811133819298,Critical
37.05446009641987,88.14068111270657,343.53124186637285,36,13.936352533461337,0.2610156538274817,5.205759081881402,78.67762020786104,High,0,40,80,Immediate Maintenance,2.0,Critical,80,127.29364693611076,101.83491754888861,Critical
31.275527795608483,36.76350192611683,430.52196334545806,8,5.746384310794288,0.1773926611725955,8.323612689552728,53.71123737693889,Medium,0,70,60,Inspection within 30 Days,4.0,Monitor,60,134.6480163123081,80.78880978738486,Critical
36.61100725291499,80.53503106902264,361.6217720011514,9,14.077354331775126,0.2054709815532374,4.781621449610057,55.55812117304086,Medium,0,70,60,Inspection within 30 Days,4.0,Monitor,60,132.39337317546125,79.43602390527676,High
77.81047413914499,56.99806066912226,243.46898482556665,37,14.965656562889825,0.0148315366608226,5.9197248038720645,37.45390857658269,Medium,0,70,60,Inspection within 30 Days,4.0,Monitor,60,189.4443714745364,113.66662288472183,Critical
34.98320539221603,41.07001983620651,352.8349800774945,39,12.004317991565038,0.1082939848510501,6.512716668205378,54.92674887735265,Medium,0,70,60,Inspection within 30 Days,4.0,Monitor,60,123.4329857760944,74.05979146565663,High
52.32829412056329,81.59874358271324,173.92152841493834,32,12.704472210739898,0.2407414668918181,6.47312330935424,15.851400758262717,Medium,0,70,60,Inspection within 30 Days,4.0,Monitor,60,91.010168927948,54.606101356768804,Medium
89.14127176786181,53.94484157517326,187.8410744501957,17,8.373028364674864,0.0324700623997919,4.515839772048571,71.17148580912897,Medium,0,70,60,Inspection within 30 Days,4.0,Monitor,60,167.44392266732058,100.46635360039234,Critical
31.62903550150781,58.463128005429866,405.043321964357,35,14.415768527339338,0.0918710119211088,6.504650925829962,32.77502092354173,Medium,0,70,60,Inspection within 30 Days,4.0,Monitor,60,128.11129610059305,76.86677766035582,High
87.0127937812255,48.35016901098477,250.888782380712,37,10.297139661083676,0.1797360802169502,6.035089831909637,81.0086663595164,High,0,40,80,Immediate Maintenance,2.0,Critical,80,218.30533883315653,174.64427106652522,Critical
49.729834234138,63.54180534327028,409.2711532332586,19,12.32388446597555,0.0843597780326931,8.38831734189823,39.42805556859668,Low,0,90,30,Normal Operation,7.0,Monitor,30,203.52986607104447,61.05895982131334,High
38.27153793351594,35.62905171802648,420.0900681507253,29,14.241077159112796,0.2808536125019105,5.13663633597532,21.425928838950608,Medium,0,70,60,Inspection within 30 Days,4.0,Monitor,60,160.77492978723777,96.46495787234265,Critical
78.77160157549054,50.420299882364446,435.9030519475777,7,14.751799759755084,0.0480070029332442,5.91661678703798,65.6705259494788,Low,0,90,30,Normal Operation,7.0,Monitor,30,343.36781533554944,103.01034460066484,Critical
74.02599927459188,88.01180095179369,462.4858561285433,28,13.332043565966744,0.2412443637932557,6.177925940359279,23.166251577080228,Medium,0,70,60,Inspection within 30 Days,4.0,Monitor,60,342.35977650280546,205.41586590168328,Critical
91.4230409468937,41.77867312557329,243.9433492309833,9,8.0301750698203,0.1573051206528584,6.062774148403795,70.29444124343924,Medium,0,70,60,Inspection within 30 Days,4.0,Monitor,60,223.02042805466576,133.81225683279945,Critical
81.454973066272,67.68788319518399,193.49006824451249,28,14.665475165520824,0.2275959249877872,7.16332331060745,87.44897891248932,High,1,40,100,Immediate Maintenance,0.0,Critical,100,157.60728297447898,157.60728297447898,Critical
86.24366512693939,46.13735417460517,311.98943596735126,6,11.281195312435717,0.1001074452103197,5.362051430191075,72.36422950362095,Medium,0,70,60,Inspection within 30 Days,4.0,Monitor,60,269.0711243871094,161.44267463226566,Critical
49.742420079991454,75.27575316962904,217.0275905469324,29,14.306424763519598,0.1592019846704912,5.384286211255967,11.795939874505974,Medium,0,70,60,Inspection within 30 Days,4.0,Monitor,60,107.95477577933896,64.77286546760338,High
42.4207680645806,33.50678794669274,320.48337506010483,17,11.761050258143518,0.2584822514197211,7.416843794003412,57.990863044221975,Medium,0,70,60,Inspection within 30 Days,4.0,Monitor,60,135.95150921978703,81.57090553187221,Critical
82.54303261486008,88.03836793010541,367.51363818972106,16,8.072389618477205,0.1453946487457002,6.501162074712719,65.63285367757794,Medium,0,70,60,Inspection within 30 Days,4.0,Monitor,60,303.35690223500035,182.01414134100023,Critical
86.47843174870849,54.49632018993656,359.7822583214616,23,8.70024524142816,0.1143187599539781,6.160622704229242,76.03666606370281,Medium,0,70,60,Inspection within 30 Days,4.0,Monitor,60,311.13405470648723,186.68043282389235,Critical
99.33535994004713,40.34328011752016,218.5487991590546,31,10.504717771029403,0.1654850620132934,5.176812206709007,14.480184715120012,Medium,0,70,60,Inspection within 30 Days,4.0,Monitor,60,217.0962362892976,130.25774177357857,Critical
58.88323738379985,29.77728857645082,125.08709076443876,3,12.90014841559882,0.2180351983805463,5.250108891648667,48.40862623618291,Medium,0,70,60,Inspection within 30 Days,4.0,Monitor,60,73.65532859131366,44.193197154788194,Medium
56.04126600549482,36.03426383069015,243.7382023079934,21,8.17982551340335,0.1386333701945657,4.542206547263602,52.82966981107155,Medium,0,70,60,Inspection within 30 Days,4.0,Monitor,60,136.5939743124337,81.95638458746022,Critical
84.34890725193978,58.785306656141145,114.16736483685894,26,10.79731166134192,0.2822743227912591,4.8657050754468365,23.52998901153424,High,1,40,100,Immediate Maintenance,0.0,Critical,100,96.29892467822584,96.29892467822584,Critical
53.85624781771125,46.90520646803361,450.54366583271377,36,8.456249935764015,0.0955342889722791,6.727354778760964,35.79598477685197,Medium,0,70,60,Inspection within 30 Days,4.0,Monitor,60,242.64591319786717,145.5875479187203,Critical
95.15301279224953,78.87741878236962,205.64485733203583,37,13.157694046351072,0.1478844457890449,8.067492520033639,45.217738100493214,Medium,0,70,60,Inspection within 30 Days,4.0,Monitor,60,195.6772774037553,117.40636644225319,Critical
90.08889262901084,53.00768903801739,119.5068862504957,22,9.667280937679504,0.229509021209018,5.648659060522229,76.65677503662411,High,1,40,100,Immediate Maintenance,0.0,Critical,100,107.66243043848318,107.66243043848318,Critical
60.02958191625129,41.16642771819595,61.45149195758789,12,5.767228268528852,0.2098451162437698,5.810988903584512,84.35260528561655,High,0,40,80,Immediate Maintenance,2.0,Critical,80,36.8890737034388,29.511258962751036,Low
82.56097474540482,65.11442412926195,340.6200738289179,13,6.660525214815364,0.2604559052009753,4.962422442446049,60.27382631341383,High,1,40,100,Immediate Maintenance,0.0,Critical,100,281.21925313167213,281.21925313167213,Critical
82.81800118592776,70.94051909755399,336.60604285463444,11,5.611046676196323,0.2990746623975215,6.054523782428412,41.59561488171697,High,1,40,100,Immediate Maintenance,0.0,Critical,100,278.77039656325564,278.77039656325564,Critical
37.218670818515285,35.85772401356174,203.2718749615813,16,9.993029460143251,0.1337889153505759,4.648886818277317,30.32248142391888,Medium,0,70,60,Inspection within 30 Days,4.0,Monitor,60,75.65509000857493,45.39305400514496,Medium
93.17870346756968,35.895249058740646,82.27034998144296,8,6.063372973482272,0.0422337551371604,8.170402785047601,88.57081475489204,Medium,0,70,60,Inspection within 30 Days,4.0,Monitor,60,76.6584454509405,45.995067270564306,Medium
65.36766607135,27.38364275068029,234.3330027028544,2,6.1413996930963215,0.0188206054343107,7.192445392498115,88.64159984610868,Low,0,90,30,Normal Operation,7.0,Monitor,30,153.17801470176946,45.95340441053084,Medium
87.85202262754191,72.86613097926664,190.0478727785271,30,14.410482600383771,0.2207943027805337,8.462995237572876,83.99815585880278,High,1,40,100,Immediate Maintenance,0.0,Critical,100,166.9609001965537,166.9609001965537,Critical
52.40347207214282,68.14729429541734,354.70428788075424,30,13.726550721760557,0.2634639646795275,8.031292650713976,72.85353199022553,High,0,40,80,Immediate Maintenance,2.0,Critical,80,185.8773624382841,148.70188995062728,Critical
92.68662599473404,55.8510069237379,322.60066225371065,12,9.52086596811366,0.0740066499238814,6.391962374792611,36.06236349964946,Medium,0,70,60,Inspection within 30 Days,4.0,Monitor,60,299.00766927963195,179.40460156777917,Critical
57.24411751139142,79.87107918299782,214.067177688893,10,14.858053208502058,0.0559499307850727,6.578740124601508,75.36003867981046,Low,0,90,30,Normal Operation,7.0,Monitor,30,122.54086674954898,36.762260024864695,Medium
30.758635603620885,77.36855994175346,148.05164941474555,11,5.001865281706631,0.0280394765424503,5.262304186068775,42.70344138169381,Low,0,90,30,Normal Operation,7.0,Monitor,30,45.5386673486319,13.66160020458957,Low
93.37673834934846,63.04803368578889,494.61618477001633,15,11.139794562733938,0.2485838472979898,6.348157371358223,36.141847852403615,Medium,1,70,80,Immediate Maintenance,2.0,Critical,80,461.8564606862281,369.4851685489825,Critical
36.39006737502935,81.43763323336181,254.3007295382517,16,11.1642817737187,0.1003007625688494,8.112111493971247,69.58922867730237,Medium,0,70,60,Inspection within 30 Days,4.0,Monitor,60,92.54020681416095,55.52412408849657,Medium
52.35195463132904,38.379678652389934,359.72340610110666,17,9.574430558698882,0.1264920989003351,4.7034136945432845,16.37231420963383,Medium,0,70,60,Inspection within 30 Days,4.0,Monitor,60,188.3222343603229,112.99334061619375,Critical
96.50433769355637,32.27477526085231,113.24883541026236,26,8.969479729342929,0.1557975555667875,7.9542272119932385,13.885017863652935,Medium,0,70,60,Inspection within 30 Days,4.0,Monitor,60,109.29003855833942,65.57402313500366,High
96.54250028562892,42.53372474860433,268.51536484672897,2,9.553831354806077,0.2534414379207697,5.863791206570439,45.83629577449485,Medium,1,70,80,Immediate Maintenance,2.0,Critical,80,259.2314468741108,207.38515749928865,Critical
70.14065216863003,28.710645645805464,62.39152394125947,12,9.149604360796804,0.1987416342528306,8.09805106038524,45.65110406577296,Medium,0,70,60,Inspection within 30 Days,4.0,Monitor,60,43.76182179034633,26.257093074207802,Low
74.22860485188595,59.52601932006708,277.4548030597025,26,12.304924774822991,0.1883687426587652,8.263519625365939,81.6515322451068,High,0,40,80,Immediate Maintenance,2.0,Critical,80,205.9508294057649,164.7606635246119,Critical
61.39118653848239,85.8793699991725,483.8078332029661,23,6.353554349732841,0.0609449089872141,7.183459548007624,20.092247703025343,Medium,0,70,60,Inspection within 30 Days,4.0,Monitor,60,297.0153693694226,178.20922162165357,Critical
50.52475401886451,27.55733014345313,222.8930208436101,18,6.976392205911301,0.1588250685958506,7.157695146370712,19.862714196193025,Medium,0,70,60,Inspection within 30 Days,4.0,Monitor,60,112.6161505064504,67.56969030387023,High
53.00651817589412,32.93714441065174,67.54820565871022,32,6.805182283924236,0.21746049498181,6.311017350834961,21.79620803799209,High,0,40,80,Immediate Maintenance,2.0,Critical,80,35.80495190997458,28.643961527979663,Low
77.0762919253927,54.392936838423296,63.93010591370459,38,7.624705851212646,0.2922456560788426,7.84216089817483,12.378900903568208,High,0,40,80,Immediate Maintenance,2.0,Critical,80,49.274955062259686,39.41996404980775,Medium
82.66621706063759,85.70187613931381,224.5940419760913,3,10.252584187815833,0.0684078296718721,8.346451033733132,15.73853902519267,Low,0,90,30,Normal Operation,7.0,Monitor,30,185.66339824521515,55.69901947356455,Medium
85.4105330608094,45.55014682348879,122.01122140843732,38,6.112087473382188,0.0127675723894957,7.600327201356476,62.789589346323126,Medium,0,70,60,Inspection within 30 Days,4.0,Monitor,60,104.21043459895073,62.52626075937044,High
85.27326999561878,57.97026256474551,60.50844334768366,3,13.681692953265042,0.0318374157435562,6.987746935026837,44.52674632940074,Low,0,90,30,Normal Operation,7.0,Monitor,30,51.59752826601632,15.479258479804896,Low
36.38442721340833,27.702235838275485,390.2961262775796,30,7.973615313084723,0.1189972149027739,6.927171583285347,71.08824536704108,Medium,0,70,60,Inspection within 30 Days,4.0,Monitor,60,142.00700998221822,85.20420598933093,Critical
64.6094213291807,34.642308062535776,256.3353539968508,1,6.625379874687079,0.2479579478463362,7.89787960633465,89.40781748653282,High,0,40,80,Immediate Maintenance,2.0,Critical,80,165.61678887947218,132.49343110357776,Critical
34.0291132011651,89.13095799232505,180.1601473876945,30,11.756213095982432,0.012071203712791,6.664815063085193,62.722774487920105,Medium,0,70,60,Inspection within 30 Days,4.0,Monitor,60,61.30690049794446,36.78414029876668,Medium
68.46702176266149,87.73271526834296,455.0374323574163,32,5.380863005993193,0.1424518719368936,7.715439544995291,14.0364456496099,Medium,0,70,60,Inspection within 30 Days,4.0,Monitor,60,311.5505778404083,186.93034670424498,Critical
60.90713509613639,25.321098760736625,102.26253209023652,28,11.199685648741642,0.1054768784490044,6.535541020696983,18.36502918034732,Medium,0,70,60,Inspection within 30 Days,4.0,Monitor,60,62.28517857293019,37.37110714375812,Medium
92.13929279308098,86.86776605251053,480.1634730298936,21,11.981984306764998,0.0252196959289209,4.749777099895697,80.48032678517663,Medium,0,70,60,Inspection within 30 Days,4.0,Monitor,60,442.4192283004402,265.4515369802641,Critical
54.5640508786455,66.54279595800753,191.2850228198088,13,7.149165313867192,0.140568523135059,6.035788035616621,52.19967556466092,Medium,0,70,60,Inspection within 30 Days,4.0,Monitor,60,104.37285717462912,62.623714304777465,High
38.19469114993241,81.41468914380144,449.78165253890654,27,5.419640734436343,0.0838771251276484,6.277763830685995,75.9869727516592,Medium,0,70,60,Inspection within 30 Days,4.0,Monitor,60,171.79271303629747,103.07562782177848,Critical
40.009417743698506,54.55809061620084,321.3242944157577,36,8.636453589194495,0.1120466019606318,5.066468979946469,78.52898689799409,High,0,40,80,Immediate Maintenance,2.0,Critical,80,128.5599792647922,102.84798341183375,Critical
83.30574422022306,58.51374185765127,422.01831188366936,7,5.985942302419365,0.2146284383874449,4.909985316756851,84.21396331996154,High,1,40,100,Immediate Maintenance,0.0,Critical,100,351.56549546031283,351.56549546031283,Critical
73.27526443213827,56.77502771669981,492.8059234447089,22,6.164778496733371,0.1612497853341804,6.6418597986278165,85.98633643890926,High,0,40,80,Immediate Maintenance,2.0,Critical,80,361.1048435413514,288.8838748330811,Critical
37.07858732859532,68.34617674049679,179.78244701843556,10,7.542612314448646,0.0461477544079158,4.840574546224328,54.386063720264495,Low,0,90,30,Normal Operation,7.0,Monitor,30,66.66079161921624,19.99823748576487,Low
35.88747642804982,34.07733155916034,482.5109684334169,39,7.9546792462675935,0.2888102167228553,5.711780671560335,37.28161378048271,High,0,40,80,Immediate Maintenance,2.0,Critical,80,173.1610100592974,138.52880804743793,Critical
79.0678392021384,26.948283341724068,225.2668527060892,15,10.299703410214208,0.1944141220558241,7.478387903852304,86.94918994783988,High,0,40,80,Immediate Maintenance,2.0,Critical,80,178.11363287336854,142.49090629869482,Critical
35.09341044549355,45.01544620342741,223.48035713161505,15,11.78391885503013,0.2321018434421341,8.357728718271924,53.79251248009802,Medium,0,70,60,Inspection within 30 Days,4.0,Monitor,60,78.42687899325247,47.05612739595148,Medium
87.53020415032493,70.80424957788203,203.1741969145276,4,10.927709408701848,0.0329718135024275,7.371482322207714,15.140217836368883,Low,0,90,30,Normal Operation,7.0,Monitor,30,177.83878934006918,53.35163680202076,Medium
79.43695590095473,38.12047438799164,293.6334233064133,32,6.483603372895168,0.0236469300434054,8.47050219381148,61.4221240047892,Medium,0,70,60,Inspection within 30 Days,4.0,Monitor,60,233.2534529823793,139.95207178942758,Critical
35.69441464493298,68.77310816611963,119.3652694303192,23,6.720860324526265,0.0156399346067435,7.293351885117611,57.014780031600864,Medium,0,70,60,Inspection within 30 Days,4.0,Monitor,60,42.60673421249957,25.564040527499742,Low
35.938639985963434,88.04428299697258,299.170168411105,6,13.787692497929145,0.0647502680542988,5.675177882617311,81.66342983157648,Low,0,90,30,Normal Operation,7.0,Monitor,30,107.51768977066752,32.25530693120026,Medium
99.06477049508229,31.1035465263122,293.7671655845018,24,10.583523150641136,0.1301784353383636,7.188210162021448,62.254975132625,Medium,0,70,60,Inspection within 30 Days,4.0,Monitor,60,291.0197683761951,174.61186102571705,Critical
56.19895570292842,68.71913768463321,392.8558156721915,20,13.69937832897689,0.2813895786868186,7.308627060787615,37.924193956924114,Medium,0,70,60,Inspection within 30 Days,4.0,Monitor,60,220.78086582599303,132.46851949559584,Critical
55.94495029468237,53.84376425479712,425.1424828719135,37,8.715465113198743,0.1425473011870751,5.986907938465842,87.29805805646563,High,0,40,80,Immediate Maintenance,2.0,Critical,80,237.8457507242705,190.2766005794164,Critical
86.89596970802518,81.42924653453784,248.1986076405908,20,11.144000074313238,0.0941739805580335,4.570855402437556,74.12955887856269,Medium,0,70,60,Inspection within 30 Days,4.0,Monitor,60,215.6745869111081,129.40475214666486,Critical
96.30740041687012,36.51473631408008,186.0499622081722,12,10.236634160546108,0.1729612235207023,7.312799139101948,60.43340947050835,Medium,0,70,60,Inspection within 30 Days,4.0,Monitor,60,179.17988207925993,107.50792924755595,Critical
99.02007446760096,70.0206868947007,166.7007037926925,33,8.191234898204627,0.0424610276590888,4.586800381102167,33.434016272249835,Medium,0,70,60,Inspection within 30 Days,4.0,Monitor,60,165.067161033539,99.04029662012341,Critical
82.73647296812592,79.47749382712716,137.58072651719235,28,9.699153720335952,0.1867567083914451,7.024752312240285,39.88322370514364,Medium,0,70,60,Inspection within 30 Days,4.0,Monitor,60,113.8294406042481,68.29766436254887,High
56.338170987164105,86.3999242658115,75.9414119895612,8,10.02490876826932,0.1748452667558459,5.15446595497022,63.59759392773253,Medium,0,70,60,Inspection within 30 Days,4.0,Monitor,60,42.78400253674573,25.67040152204744,Low
35.845050168906816,69.41112183882697,204.101590475621,1,7.0077097475667856,0.2396779796876558,6.762414110992173,15.758465477065736,Medium,0,70,60,Inspection within 30 Days,4.0,Monitor,60,73.16031750152308,43.89619050091385,Medium
84.40028411492057,57.316359660547775,171.61146145885246,37,8.150103723767316,0.2961394073689369,6.5156521015224005,30.53444733202108,High,1,40,100,Immediate Maintenance,0.0,Critical,100,144.8405610450389,144.8405610450389,Critical
69.08829748150634,65.1600706130789,484.8878236398833,22,12.914097505069757,0.082753306797672,4.55405456922473,67.11207467172784,Medium,0,70,60,Inspection within 30 Days,4.0,Monitor,60,335.0007420479244,201.00044522875464,Critical
59.69554064728834,81.47882399111668,300.9689718125197,6,14.157882394541272,0.1578003707330905,5.951463267980413,48.40148078756968,Medium,0,70,60,Inspection within 30 Days,4.0,Monitor,60,179.66505490406848,107.79903294244109,Critical
93.44480695663152,62.08963353152393,206.2746675637284,21,8.597940935452995,0.273570967832511,6.9043646695852114,42.191485185154406,High,1,40,100,Immediate Maintenance,0.0,Critical,100,192.75296490535945,192.75296490535945,Critical
37.7838237614306,26.975158880294394,311.2104204471632,32,8.069722822090181,0.237705066482624,7.894426207595119,22.11660979203316,Medium,0,70,60,Inspection within 30 Days,4.0,Monitor,60,117.5871967889633,70.55231807337798,High
64.48375730036014,85.51166520795356,112.638515605563,35,6.951971645718825,0.1513478278992342,8.054568455346068,45.34792275821861,High,0,40,80,Immediate Maintenance,2.0,Critical,80,72.63354702981952,58.10683762385562,Medium
30.79475513371933,69.81923881705147,249.8196871409913,15,11.784911686505811,0.2841577783882855,6.435399880132893,71.65535766081871,High,0,40,80,Immediate Maintenance,2.0,Critical,80,76.93136093089198,61.54508874471358,High
62.80624493958884,68.97337007552102,331.8054446394787,5,8.230997016663373,0.0265986411198747,7.413689949197753,31.121027685751443,Low,0,90,30,Normal Operation,7.0,Monitor,30,208.39454028316285,62.518362084948855,High
33.94122929772861,39.018884905851614,270.0040243066031,6,14.877495390991886,0.2799895997166493,5.765818306133831,10.431883374694191,Medium,0,70,60,Inspection within 30 Days,4.0,Monitor,60,91.64268500299906,54.985611001799434,Medium
38.31725413876504,67.82755556512271,230.8004602944459,25,8.256848020639532,0.0246471437910138,5.86874562303463,63.480392092078624,Medium,0,70,60,Inspection within 30 Days,4.0,Monitor,60,88.43639892446234,53.0618393546774,Medium
38.22683727439734,50.6011863675203,497.2317750048642,29,8.941360467826282,0.1687183757932584,5.277854076729255,87.8101283546042,High,0,40,80,Immediate Maintenance,2.0,Critical,80,190.07598150770693,152.06078520616555,Critical
75.44472114812444,67.33014350769699,446.1416429670172,7,11.033341962120348,0.2682278749203148,6.747792439972957,58.54612508708663,Medium,0,70,60,Inspection within 30 Days,4.0,Monitor,60,336.5903184621272,201.9541910772763,Critical
82.22314154857963,31.9285469700194,330.53268117174804,13,13.01684293191305,0.0861890736327778,5.7582566037094605,19.59374871417041,Low,0,90,30,Normal Operation,7.0,Monitor,30,271.7743543041618,81.53230629124855,Critical
70.83581355680117,67.75994479919734,306.2198125320272,38,9.695186653456336,0.1469520646940959,4.83748358575402,35.65864738757384,High,0,40,80,Immediate Maintenance,2.0,Critical,80,216.9132954791729,173.5306363833383,Critical
97.35207839321794,89.96189217509333,329.29721592106284,18,9.226560337889584,0.1040553749497203,7.240024346652715,79.41132917761787,Medium,0,70,60,Inspection within 30 Days,4.0,Monitor,60,320.57768379015727,192.34661027409436,Critical
56.24094056665928,28.13378252593614,140.59044852009498,2,14.956378335948084,0.2861217359521419,7.331012830421592,28.60544594054629,Medium,0,70,60,Inspection within 30 Days,4.0,Monitor,60,79.06939059458632,47.44163435675179,Medium
49.99984603973025,88.51632197438562,227.81198446894336,8,5.104936411399445,0.2488572224783963,5.939969675116231,58.61567227980864,High,0,40,80,Immediate Maintenance,2.0,Critical,80,113.90564149452588,91.12451319562071,Critical
90.80193897326222,51.44901744698659,67.7567898009047,11,13.950652888512458,0.21561043828465,4.806893597824091,42.21369666031983,Medium,1,70,80,Immediate Maintenance,2.0,Critical,80,61.52447892525905,49.219583140207234,Medium
45.65170869636168,81.59897427192185,263.995716869072,33,6.491408259397375,0.1804118261183815,6.205190869613704,26.62749771357192,Medium,0,70,60,Inspection within 30 Days,4.0,Monitor,60,120.5185556359405,72.3111333815643,High
97.4255777608428,75.85505646378778,294.36106278094843,38,12.859252762089136,0.2479716189040029,6.269341832200862,75.07255148517437,High,1,40,100,Immediate Maintenance,0.0,Critical,100,286.7829661172962,286.7829661172962,Critical
30.850813228287144,61.85605696413341,152.48738124644433,27,11.17931559846298,0.1237574420418286,7.174683539591571,69.42650211725521,Medium,0,70,60,Inspection within 30 Days,4.0,Monitor,60,47.0435971850467,28.22615831102802,Low
97.89151786953474,72.99919860133622,483.8129812244812,20,8.418472854980921,0.1397900379807579,5.761665565034734,62.92728527674123,Medium,0,70,60,Inspection within 30 Days,4.0,Monitor,60,473.6118709704917,284.167122582295,Critical
33.02119383654033,82.10351148458761,459.2545749217589,12,13.738749555210184,0.2217004991134498,7.230397119125222,28.90692722150009,Medium,0,70,60,Inspection within 30 Days,4.0,Monitor,60,151.65134338809332,90.990806032856,Critical
92.38001795886498,51.269120907317145,374.9644559551576,31,5.12907227980992,0.1137488813551771,7.985954167029553,17.828560217316003,Medium,0,70,60,Inspection within 30 Days,4.0,Monitor,60,346.39223175073494,207.83533905044095,Critical
66.93907763604099,46.25715550161051,290.02398294441315,27,7.266906520749236,0.0285312731940284,5.449944169448799,56.092746386077295,Medium,0,70,60,Inspection within 30 Days,4.0,Monitor,60,194.13937910629895,116.48362746377937,Critical
99.50753572835104,68.393570061633,441.4861218414582,32,10.66892796249536,0.0315570365769607,8.4156782244796,54.29422668315467,Medium,0,70,60,Inspection within 30 Days,4.0,Monitor,60,439.3119604271004,263.58717625626025,Critical
35.16575953147792,77.50998622618181,108.79355472055832,10,8.51542260049698,0.0434552123786541,6.045472548547227,25.070800746789843,Low,0,90,30,Normal Operation,7.0,Monitor,30,38.25807983877838,11.477423951633513,Low
68.76979990809245,74.54853376048003,405.7294074236983,3,11.103774953183276,0.2622075837696622,5.569034740588247,14.4997355452138,Medium,0,70,60,Inspection within 30 Days,4.0,Monitor,60,279.0193016535666,167.41158099213993,Critical
97.85117749333692,76.85788717581124,106.16936628508174,27,5.241101934086668,0.1469456634692992,6.1860447300411625,16.45667633551888,Medium,0,70,60,Inspection within 30 Days,4.0,Monitor,60,103.88797504716632,62.332785028299796,High
66.61684909191041,53.31291546284065,407.3947981472325,35,6.164589304817126,0.2167358871099735,4.877589903615437,89.4216789210187,High,0,40,80,Immediate Maintenance,2.0,Critical,80,271.3935778900349,217.11486231202795,Critical
74.05790466946837,78.15922405137641,174.0954057131106,31,6.270962402184392,0.123943707325419,5.002823626048462,72.68671157943069,High,0,40,80,Immediate Maintenance,2.0,Critical,80,128.93140959693966,103.14512767755171,Critical
78.7024082289232,32.81358859908955,444.690761458185,15,6.892836459160094,0.0850261747505339,6.157736187873326,83.7589980772138,Medium,0,70,60,Inspection within 30 Days,4.0,Monitor,60,349.98233843912783,209.98940306347671,Critical
61.81787453374413,60.39179136745522,474.818942221429,16,9.593314408005428,0.1106857285930414,7.5497780877564,25.60437777890907,Medium,0,70,60,Inspection within 30 Days,4.0,Monitor,60,293.52297796489404,176.1137867789364,Critical
73.92906560588443,25.3743129323779,116.95818623230204,13,12.521286995435712,0.2403128801419832,8.101248958297964,86.8454829058748,High,0,40,80,Immediate Maintenance,2.0,Critical,80,86.46609423113107,69.17287538490486,High
70.90200183461701,46.09807894351757,258.2040222794271,35,14.055388379289012,0.191312676259117,7.159271962865084,21.412348117852964,Medium,0,70,60,Inspection within 30 Days,4.0,Monitor,60,183.07182061361428,109.84309236816857,Critical
93.08106073436925,48.81999976664086,491.4443201732083,11,13.35372530284246,0.2819155361877916,4.920878220952679,50.72654628531769,High,1,40,100,Immediate Maintenance,0.0,Critical,100,457.4415861360321,457.4415861360321,Critical
33.18124662390205,50.7512249546016,267.533346187916,21,6.968878717756835,0.2071143857872818,7.18807904872214,76.37565475336513,High,0,40,80,Immediate Maintenance,2.0,Critical,80,88.77089939979005,71.01671951983204,High
49.66742327145612,70.20536843484103,438.5963851315453,11,9.411505522306324,0.1753526732088612,7.041711682811888,37.98426836092635,Medium,0,70,60,Inspection within 30 Days,4.0,Monitor,60,217.83952305659045,130.70371383395428,Critical
96.52880388535912,50.25627658257247,314.929184959094,30,6.99411597758535,0.186956842605892,7.723055673173325,43.98628265415204,High,0,40,80,Immediate Maintenance,2.0,Critical,80,303.99737532692376,243.197900261539,Critical
92.31846487236412,54.16508547046449,218.89845856382084,35,7.6447181666719075,0.2832877174458402,7.800994666608723,20.254808823927828,High,1,40,100,Immediate Maintenance,0.0,Critical,100,202.08369657538748,202.08369657538748,Critical
61.89597269499991,40.44036850683128,178.6025999866416,22,10.035469815118862,0.2385782696613447,7.972812303115916,19.83375039991781,Medium,0,70,60,Inspection within 30 Days,4.0,Monitor,60,110.5478165202916,66.32868991217497,High
73.40928184610758,49.26136645590711,141.4503909887393,38,5.681090247235225,0.0169719588362669,6.156526058316393,59.56545798229277,Medium,0,70,60,Inspection within 30 Days,4.0,Monitor,60,103.83771619334476,62.30262971600686,High
49.41668280867928,39.77252577210484,392.8091861199637,31,7.181743295932732,0.1649005118793522,7.291457581408578,64.04258948960454,High,0,40,80,Immediate Maintenance,2.0,Critical,80,194.1132695482571,155.2906156386057,Critical
43.16848118066329,29.75773504494884,223.9432280703625,14,14.353781613071172,0.2096181393485038,5.5730014356892426,72.18660112657545,Medium,0,70,60,Inspection within 30 Days,4.0,Monitor,60,96.67289026492432,58.00373415895459,Medium
62.45888834579875,64.22415856978957,280.07395799033804,24,9.66116292658489,0.2271225587473549,8.497345119934018,54.53456421454028,High,0,40,80,Immediate Maintenance,2.0,Critical,80,174.9310807068445,139.94486456547563,Critical
54.7346559618237,68.43383190607605,271.54646600053184,32,9.453865259778722,0.0718112146010416,5.20133696550744,61.66074338090447,Medium,0,70,60,Inspection within 30 Days,4.0,Monitor,60,148.63002394188166,89.178014365129,Critical
70.85592782956104,65.26687249062493,309.77556315490904,36,5.145671547512789,0.2614814327908921,4.540457726643343,11.081381735977605,High,0,40,80,Immediate Maintenance,2.0,Critical,80,219.49434946265865,175.5954795701269,Critical
35.44142458754894,55.1271128470372,439.5097155310485,32,7.473997470583457,0.2871945126807975,5.095234858072704,22.97365817097504,High,0,40,80,Immediate Maintenance,2.0,Critical,80,155.76850438488742,124.61480350790993,Critical
98.20763653663164,49.686075711649934,491.3327046125432,15,13.662924359821814,0.0786474386950122,7.603489158176506,88.79318128135237,Medium,0,70,60,Inspection within 30 Days,4.0,Monitor,60,482.5262367314884,289.51574203889305,Critical
99.0347521135722,81.11668722216865,233.4128938582176,35,6.646284282586688,0.2659584826800013,6.287134706032846,16.079480505266545,High,1,40,100,Immediate Maintenance,0.0,Critical,100,231.1598808336012,231.1598808336012,Critical
78.87131998138216,58.74031603385417,422.3835149478364,3,9.151249395347213,0.0381238411296676,6.290000991241714,64.30305778081959,Low,0,90,30,Normal Operation,7.0,Monitor,30,333.1394536231172,99.94183608693517,Critical
67.52674564408844,56.14682204593251,394.0375075946229,16,5.143309058670012,0.0261549824734211,8.320091678446675,24.0866106425373,Low,0,90,30,Normal Operation,7.0,Monitor,30,266.0807054957267,79.824211648718,High
51.66693314004294,26.66673427741832,308.088028155008,5,9.783354816705558,0.0474749020297973,8.178539632112297,67.33748686141135,Low,0,90,30,Normal Operation,7.0,Monitor,30,159.17963551932465,47.75389065579739,Medium
86.96565137948642,47.18110879570016,480.2212146253699,21,5.210211067262172,0.0267449130454404,5.744778951216037,66.47923223695948,Medium,0,70,60,Inspection within 30 Days,4.0,Monitor,60,417.6275073614344,250.57650441686067,Critical
77.93118207877154,49.71271522108072,140.21353198778127,10,13.196095530658,0.255053548775175,5.336232515123465,28.735924783047217,Medium,0,70,60,Inspection within 30 Days,4.0,Monitor,60,109.2700629124744,65.56203774748464,High
41.38318575414239,50.92348075829853,99.16889463932964,19,13.248537674871036,0.0271245418928988,7.893928839734959,31.570751937536336,Low,0,90,30,Normal Operation,7.0,Monitor,30,41.03924787892353,12.31177436367706,Low
93.76490291456898,62.7112039997766,434.28288512994,25,12.8774218830237,0.08878261549546,8.124076284177452,62.38165708816706,Medium,0,70,60,Inspection within 30 Days,4.0,Monitor,60,407.2049256166774,244.3229553700064,Critical
87.57760700462183,59.6841655372471,247.6174174851868,4,7.833640688911182,0.0400893396253983,6.666387691193948,41.206883102417095,Low,0,90,30,Normal Operation,7.0,Monitor,30,216.8574087601706,65.05722262805119,High
96.48599393043467,64.5138310315739,431.1359843931773,29,13.37237218221818,0.0956723905309918,7.0176948444684015,25.563837575992903,Medium,0,70,60,Inspection within 30 Days,4.0,Monitor,60,415.9858397335208,249.59150384011247,Critical
80.8003655871852,74.71741200023834,451.8905923379367,19,10.429981326052694,0.0362622456042669,5.5276571387691735,68.53436790299854,Medium,0,70,60,Inspection within 30 Days,4.0,Monitor,60,365.1292506631496,219.07755039788975,Critical
72.93906371550528,77.84407301654608,78.10591712858215,2,8.738081088670025,0.203720942715474,7.703210751914098,22.331801946906733,Medium,0,70,60,Inspection within 30 Days,4.0,Monitor,60,56.96972465999629,34.18183479599777,Medium
59.27701254034332,71.67799995472214,447.5591433437273,10,11.25329959704233,0.0486647767393467,7.028489713796093,78.45149313159573,Low,0,90,30,Normal Operation,7.0,Monitor,30,265.2996895253144,79.58990685759433,High
95.29099383478092,87.10904023707076,251.74357491624,25,5.12341046060374,0.2570353184932774,6.514054045191987,51.1735619241462,High,1,40,100,Immediate Maintenance,0.0,Critical,100,239.8889544528913,239.8889544528913,Critical
90.6244722650286,26.185117873963502,279.6946200519045,20,6.429608776007521,0.2469854047107259,4.740434224313583,18.45604831034405,High,1,40,100,Immediate Maintenance,0.0,Critical,100,253.4717733757153,253.4717733757153,Critical
33.16530690743326,37.7255690694305,331.9666299919446,19,12.422935381702628,0.0139618887864767,8.163739850044614,65.52578668247875,Low,0,90,30,Normal Operation,7.0,Monitor,30,110.09775166709184,33.029325500127555,Medium
31.84568821480764,25.49158687357924,466.8721730285391,23,7.44161608716153,0.2697606430993832,6.961805681537625,51.53304316596324,High,0,40,80,Immediate Maintenance,2.0,Critical,80,148.67865658436585,118.94292526749268,Critical
56.35243568146348,67.0858564200492,58.60224249339382,24,10.980091173287496,0.0183938518555764,5.270764378771872,33.844605743584765,Low,0,90,30,Normal Operation,7.0,Monitor,30,33.023791008985015,9.907137302695505,Low
86.7387331547283,83.37198568174915,264.5795607430177,11,8.851026028230297,0.0794972776376914,6.925544467932211,43.803150417908384,Medium,0,70,60,Inspection within 30 Days,4.0,Monitor,60,229.49295917483835,137.69577550490303,Critical
99.1093290520461,40.82634927745946,359.4749190937523,34,13.548057787992615,0.0193928499550385,7.209853416959893,33.8670194869999,Medium,0,70,60,Inspection within 30 Days,4.0,Monitor,60,356.2731804242035,213.7639082545221,Critical
40.52918237724697,85.25724541175992,375.2181309642028,28,14.524153059966435,0.1073946112414016,6.6030813467329015,31.042066859422725,Medium,0,70,60,Inspection within 30 Days,4.0,Monitor,60,152.07284061097914,91.24370436658748,Critical
71.58915007464947,28.91738036882145,361.63959419169856,5,13.835647283701904,0.1590212924568487,7.37240695182409,23.088673667496977,Low,0,90,30,Normal Operation,7.0,Monitor,30,258.8947118152484,77.66841354457452,High
56.66235996417151,85.73834174235843,110.49580823365484,5,7.706199946935967,0.24102701201439,6.825815791714497,39.02137065099807,Medium,0,70,60,Inspection within 30 Days,4.0,Monitor,60,62.609532606674165,37.565719564004496,Medium
97.89400784702222,47.85547467057624,184.72801476725647,21,6.941628690460822,0.1080146496362524,8.291078328128593,30.07897650528566,Medium,0,70,60,Inspection within 30 Days,4.0,Monitor,60,180.83765727190644,108.50259436314387,Critical
88.9483246194996,31.592353849199075,211.42198643765605,12,9.74434893620735,0.2145921071552038,4.714788314397227,64.67475896431337,High,1,40,100,Immediate Maintenance,0.0,Critical,100,188.0563148135607,188.0563148135607,Critical
88.68300932977965,56.581664347111165,411.9967434557772,4,5.0733415083618025,0.0643762925645042,4.924982833878242,64.71013929306451,Medium,0,70,60,Inspection within 30 Days,4.0,Monitor,60,365.37111043727526,219.22266626236515,Critical
62.80852118564792,41.690476901833016,175.44194258654886,20,5.258093928631817,0.2276735524557966,5.194686547817359,50.14721940445107,High,0,40,80,Immediate Maintenance,2.0,Critical,80,110.1924896779848,88.15399174238784,Critical
59.037365163636565,43.51673862752499,144.81723374024142,38,10.53290639623,0.0784390157136788,7.260684282417328,72.23556219762568,Medium,0,70,60,Inspection within 30 Days,4.0,Monitor,60,85.49627910310342,51.29776746186205,Medium
49.13849503514943,44.973847720208624,480.8516085671433,25,10.20449404165286,0.0516279792236926,7.082383490999234,77.30717752048386,Medium,0,70,60,Inspection within 30 Days,4.0,Monitor,60,236.28324380220187,141.76994628132113,Critical
33.9462847655649,77.19668335912311,53.98847830106101,14,14.9458198903526,0.0637685666084757,8.068235440838777,56.38131659474185,Low,0,90,30,Normal Operation,7.0,Monitor,30,18.327082584673384,5.498124775402015,Low
90.53056633785371,60.04548298389154,499.0193850568902,11,7.018418353637581,0.062798307375738,7.4315098115355935,59.5148130210747,Medium,0,70,60,Inspection within 30 Days,4.0,Monitor,60,451.7650754276776,271.05904525660657,Critical
86.90307063910544,45.23500044514024,354.56958448582805,32,7.581039291604684,0.1587302350193274,6.533421950258369,32.630872782909215,High,0,40,80,Immediate Maintenance,2.0,Critical,80,308.13185647050176,246.5054851764014,Critical
99.98023713002914,64.6716959152097,422.8111847521027,11,6.135406423262867,0.2549912985445623,8.46732716985452,81.58953605644159,High,1,40,100,Immediate Maintenance,0.0,Critical,100,422.7276251274379,422.7276251274379,Critical
99.76457859517338,71.54979382450759,182.5787283557869,18,14.175430096537449,0.0330854723278266,5.564431824677197,11.936483553802386,Low,0,90,30,Normal Operation,7.0,Monitor,30,182.1488989485771,54.64466968457314,Medium
68.88021939218392,42.7205600476797,56.44187495017699,27,12.778112444584508,0.2150173323630925,7.832766639141816,37.88819755542765,Medium,0,70,60,Inspection within 30 Days,4.0,Monitor,60,38.87728729474401,23.326372376846404,Low
83.82911906263573,51.88069159914785,382.0412833526885,18,13.223391114568477,0.1997604732993287,6.207161488775677,67.74403372398848,Medium,0,70,60,Inspection within 30 Days,4.0,Monitor,60,320.2618422901467,192.15710537408802,Critical
96.13360109176996,32.92259606690159,425.3650686503041,23,14.027637879645088,0.2630307860305151,7.094940555502937,16.4071607736929,Medium,1,70,80,Immediate Maintenance,2.0,Critical,80,408.9187582800169,327.1350066240135,Critical
89.47531734741881,36.77470771975422,383.2142593790836,11,10.248999867258384,0.080802792547003,7.409073881809736,24.653562194263408,Low,0,90,30,Normal Operation,7.0,Monitor,30,342.88217469999574,102.86465240999873,Critical
47.31436712202384,69.27266050772388,114.28262928537735,21,9.511931914507237,0.1405318590186585,7.035016348761346,57.14285822902809,Medium,0,70,60,Inspection within 30 Days,4.0,Monitor,60,54.072102776784966,32.44326166607098,Medium
61.53808947170654,36.79349260021575,389.0425650156361,5,8.303914736656164,0.27848993858862,5.062029212434373,54.79949371708464,High,0,40,80,Immediate Maintenance,2.0,Critical,80,239.40936174234423,191.52748939387536,Critical
39.04115906060465,59.135619938358914,396.0152519484385,23,10.892146143478556,0.2013981005392419,6.2718040429917306,69.1142636904764,Medium,0,70,60,Inspection within 30 Days,4.0,Monitor,60,154.60894441744412,92.76536665046648,Critical
96.78357190811056,71.08800701195813,346.3432320515247,25,9.542783967898226,0.122742839729863,6.745753511732497,75.00901112705375,Medium,0,70,60,Inspection within 30 Days,4.0,Monitor,60,335.20335104146164,201.122010624877,Critical
72.4322244115616,31.94700000115835,394.7521697580138,10,9.515655866055752,0.0481095910280278,7.8961750367143875,20.286366280933528,Low,0,90,30,Normal Operation,7.0,Monitor,30,285.9277774686332,85.77833324058996,Critical
46.00499638524239,61.87529427587873,430.6646478549795,22,14.369278637311387,0.0861206522911713,6.274582995194289,11.470479182019364,Low,0,90,30,Normal Operation,7.0,Monitor,30,198.12725567820016,59.43817670346005,Medium
77.01904790840997,41.67658094058864,326.1218514068563,19,14.8403151427913,0.1785524884719211,8.174989219217005,65.1710815727125,Medium,0,70,60,Inspection within 30 Days,4.0,Monitor,60,251.17594497484023,150.70556698490415,Critical
73.26897683205272,87.59024689044269,89.87212128635558,1,12.964843893295807,0.2182687047925489,6.261496892100842,34.11134366130874,Medium,0,70,60,Inspection within 30 Days,4.0,Monitor,60,65.84838372377419,39.509030234264515,Medium
55.071390262298834,56.43046703679511,269.4325143502449,7,12.567580902469285,0.0460823471870491,6.695119437052046,60.07871311343629,Low,0,90,30,Normal Operation,7.0,Monitor,30,148.38023147134768,44.51406944140431,Medium
37.94903145397403,77.38951573538527,84.94220060222227,4,11.805581617791017,0.1838832054127756,7.685142731771204,22.043567044977976,Low,0,90,30,Normal Operation,7.0,Monitor,30,32.234742424235044,9.670422727270513,Low
77.01012369149598,60.76472524015701,233.39436396459388,1,6.660748523335137,0.1696018708632378,6.832270737688575,47.52320373327703,Medium,0,70,60,Inspection within 30 Days,4.0,Monitor,60,179.73728837811407,107.84237302686844,Critical
66.42153906326553,27.821814635563246,233.1979201065324,15,5.591058208756545,0.1590470795403053,8.340872289531298,50.35397968507496,Medium,0,70,60,Inspection within 30 Days,4.0,Monitor,60,154.89364759828314,92.93618855896987,Critical
84.06228742149474,66.15483941361146,79.70442986310871,12,11.907263151132632,0.2101357041277823,7.14134332205651,56.80622530985729,Medium,1,70,80,Immediate Maintenance,2.0,Critical,80,67.00136691919015,53.60109353535212,Medium
66.41144507783955,86.84121724343271,206.9692402862657,22,12.28786222256576,0.2528603825742039,6.590837816270405,51.053601306445145,High,0,40,80,Immediate Maintenance,2.0,Critical,80,137.4512633407351,109.96101067258807,Critical
89.65270502229781,64.10476830951153,99.94914445609167,22,5.469729910981398,0.1036670081212918,4.594367871123184,49.65526161829711,Medium,0,70,60,Inspection within 30 Days,4.0,Monitor,60,89.60711165153019,53.76426699091812,Medium
68.633478714214,78.24727586274136,413.70584450415,17,14.28051750228848,0.2678135351321782,6.154931590321319,36.61873231870844,Medium,0,70,60,Inspection within 30 Days,4.0,Monitor,60,283.94071272721504,170.36442763632903,Critical
69.26565800747704,82.4734201176465,476.4596116840119,29,5.911406394446775,0.0565837476593797,5.696993677040641,15.6944189054469,Medium,0,70,60,Inspection within 30 Days,4.0,Monitor,60,330.02288517280084,198.0137311036805,Critical
91.36575218608417,39.82518517668061,82.54241386607237,14,7.859005337712023,0.0601769222278376,7.492422671549956,17.161615743747383,Low,0,90,30,Normal Operation,7.0,Monitor,30,75.41549730128764,22.624649190386293,Low
58.2438006348678,38.782914594034736,479.8018432812656,20,11.723898127987043,0.0873638984509379,5.333110700614183,44.70226195257229,Medium,0,70,60,Inspection within 30 Days,4.0,Monitor,60,279.4548290431612,167.67289742589674,Critical
39.38106599154485,64.71376427531446,285.15946970153533,33,6.698725944044764,0.0446639521686525,5.320880349176287,38.463450225679445,Medium,0,70,60,Inspection within 30 Days,4.0,Monitor,60,112.29883894430095,67.37930336658057,High
32.014787341933726,51.7168505374358,184.80455507924324,15,5.554158884422444,0.0767925751580344,5.258076172949507,51.29078437395982,Medium,0,70,60,Inspection within 30 Days,4.0,Monitor,60,59.16478530682651,35.498871184095904,Medium
82.85960789715332,79.59098468633682,84.58793387427357,12,8.311464891641497,0.0408594112418249,5.002462452624943,34.38705354050136,Low,0,90,30,Normal Operation,7.0,Monitor,30,70.08923033652641,21.02676910095792,Low
73.42166859474253,83.50150302087073,275.280920631688,20,12.65971574855179,0.2483082009257632,5.74402801468355,65.03280731642595,High,0,40,80,Immediate Maintenance,2.0,Critical,80,202.11584525075415,161.6926762006033,Critical
79.28558376694565,47.97238965467668,407.5319950208369,30,9.136786789852604,0.0503010076471211,8.043688457773701,79.11638576076085,Medium,0,70,60,Inspection within 30 Days,4.0,Monitor,60,323.11412128935046,193.86847277361028,Critical
44.90749130562375,40.39658633334133,368.18891477001415,38,11.529729219079393,0.2267162916923584,7.599713889223819,33.90905510294942,High,0,40,80,Immediate Maintenance,2.0,Critical,80,165.34440488861455,132.27552391089165,Critical
39.54600329107389,75.73415849085102,72.60170515878819,3,10.796190972281366,0.0238950216948667,7.441004865227174,25.438720635122287,Low,0,90,30,Normal Operation,7.0,Monitor,30,28.711072711470138,8.613321813441042,Low
31.01812659675173,42.86239231062885,82.80582591555658,28,5.222184820255804,0.2850708949790353,7.689347222599851,19.29444594032713,High,0,40,80,Immediate Maintenance,2.0,Critical,80,25.684815911973192,20.547852729578555,Low
54.54112911646179,78.4699307033891,231.2929771846867,26,14.885399870457066,0.2162364253830521,5.577671557318286,59.300323245665,Medium,0,70,60,Inspection within 30 Days,4.0,Monitor,60,126.14980132360849,75.68988079416509,High
71.29423807982431,52.54298648716959,182.88072232157447,30,5.414280888193877,0.0119709990899724,8.049766763009952,45.50847929124555,Medium,0,70,60,Inspection within 30 Days,4.0,Monitor,60,130.3834175740457,78.23005054442741,High
57.45708315698126,68.39074345394559,154.57294537522154,13,14.67802737648485,0.231518385058062,5.049213500566418,25.04125737570312,Medium,0,70,60,Inspection within 30 Days,4.0,Monitor,60,88.81310576243627,53.28786345746176,Medium
60.62324454166104,31.20979539925343,176.4520245089211,13,10.498641783643984,0.1590837570221937,5.845382906862328,62.25093866334844,Medium,0,70,60,Inspection within 30 Days,4.0,Monitor,60,106.97094231675491,64.18256539005296,High
93.2911086145624,65.55085610397725,411.5672344835981,2,14.631590270650666,0.2360158993971847,6.846992475869372,21.878654640422752,Medium,1,70,80,Immediate Maintenance,2.0,Critical,80,383.9556357440443,307.1645085952354,Critical
54.37788269163103,54.36489911791989,468.1526241343343,37,6.147535994138354,0.1615240745782706,4.9116203533680025,54.34405646783621,High,0,40,80,Immediate Maintenance,2.0,Critical,80,254.57148476956064,203.6571878156485,Critical
65.97926424118675,63.129550106405816,232.2962125374049,38,9.904085191855131,0.1958972087142528,7.4205207511057,52.17187053002117,High,0,40,80,Immediate Maintenance,2.0,Critical,80,153.26733189232317,122.61386551385854,Critical
84.85571089188002,35.92092350341612,457.7499509596237,2,6.695040918660586,0.2380361800645617,6.0489841928139,68.73822409488668,High,1,40,100,Immediate Maintenance,0.0,Critical,100,388.4269749940208,388.4269749940208,Critical
57.75799476248891,72.89679342137184,194.67306556154688,36,5.509748770224424,0.1274813358304784,7.6376226624336,14.40877119525334,Medium,0,70,60,Inspection within 30 Days,4.0,Monitor,60,112.43925901101484,67.4635554066089,High
73.54606901595115,81.08181004030985,264.3966438547062,26,11.175291150623115,0.0107853634479311,6.4715851423384105,81.02983454810642,Medium,0,70,60,Inspection within 30 Days,4.0,Monitor,60,194.4533381652408,116.67200289914449,Critical
90.36545961227216,39.08808700590042,151.71304901719986,11,7.077834209616914,0.2564844838241046,5.223498097701345,66.23933809174557,High,1,40,100,Immediate Maintenance,0.0,Critical,100,137.0961940361844,137.0961940361844,Critical
96.46644365603495,31.22144610881051,338.2142189791298,8,10.87697018287546,0.1204582051611521,7.439047245421378,27.29007986790097,Medium,0,70,60,Inspection within 30 Days,4.0,Monitor,60,326.2632289882009,195.75793739292055,Critical
40.295143665032654,26.536508093011864,490.541501828664,22,6.123644819489856,0.1538523905448091,5.508575823355774,24.67242788877917,Medium,0,70,60,Inspection within 30 Days,4.0,Monitor,60,197.66440289846892,118.59864173908136,Critical
94.8611337613046,66.72814752881229,321.5718932195204,20,8.319864714327029,0.0122523262246509,6.463241205072171,44.53281713150268,Medium,0,70,60,Inspection within 30 Days,4.0,Monitor,60,305.0467437657289,183.02804625943733,Critical
64.44814051556767,64.46111234577074,211.0163378510969,8,12.816325580532473,0.1527066830015284,4.80213307662763,75.40522636356775,Medium,0,70,60,Inspection within 30 Days,4.0,Monitor,60,135.99610592907993,81.59766355744796,Critical
48.07710718092709,60.53533182641455,341.51785069573776,29,9.370515218421875,0.2960813464558015,6.971466617648147,77.43599945112857,High,0,40,80,Immediate Maintenance,2.0,Critical,80,164.1919031209884,131.35352249679073,Critical
62.13950293667829,40.0765612475384,105.3143053094244,26,11.277454148973364,0.0906976216374431,7.163431064865109,51.63648737115064,Medium,0,70,60,Inspection within 30 Days,4.0,Monitor,60,65.44178584049212,39.26507150429527,Medium
98.6022802699834,50.40888973385846,449.8965861194294,30,11.47457940745546,0.1246712983702896,6.014696839891134,78.86486901493899,High,0,40,80,Immediate Maintenance,2.0,Critical,80,443.608292770567,354.8866342164536,Critical
64.48326657950088,63.64096178710125,276.38777785092634,17,13.437550439872936,0.2092850989759162,8.317691121284295,10.435496735335246,Medium,0,70,60,Inspection within 30 Days,4.0,Monitor,60,178.2238675847715,106.9343205508629,Critical
53.01261272012557,57.28984582584601,252.2073839178389,20,8.249227944066412,0.246290163581861,7.996675685928274,12.813970522527727,Medium,0,70,60,Inspection within 30 Days,4.0,Monitor,60,133.7017236879242,80.22103421275452,Critical
74.3380598021708,89.20605881396767,313.63915480408366,16,11.872955625825176,0.131043570961769,7.331763662959979,82.94572749093942,Medium,0,70,60,Inspection within 30 Days,4.0,Monitor,60,233.1532624612828,139.89195747676968,Critical
46.81019331447352,33.86858391618765,331.1527382552311,7,14.616158070461656,0.0998039724163748,7.354608297974971,72.02655439087329,Low,0,90,30,Normal Operation,7.0,Monitor,30,155.0132369434462,46.50397108303386,Medium
35.310432967606474,70.18439601309359,82.29911280193086,16,12.30243334357868,0.2819694819956694,5.5096068597686045,46.05648466003085,Medium,0,70,60,Inspection within 30 Days,4.0,Monitor,60,29.06017305886063,17.436103835316377,Low
39.02158053374545,51.280719926778985,357.1777495505311,27,9.898704767177446,0.206372040334784,7.127260924353796,70.28881051823898,High,0,40,80,Immediate Maintenance,2.0,Critical,80,139.37640318948013,111.5011225515841,Critical
38.96320872704407,52.83297497016496,158.86925614198833,23,11.307174444919292,0.0445161783030109,5.292825060942079,86.45115693787373,Medium,0,70,60,Inspection within 30 Days,4.0,Monitor,60,61.9005598737052,37.140335924223116,Medium
40.633188545860605,71.64385476778145,371.2786846279654,24,12.39682897763108,0.0299890846590481,5.0760128956792885,71.76716191050281,Medium,0,70,60,Inspection within 30 Days,4.0,Monitor,60,150.86236795547234,90.5174207732834,Critical
39.71790208545871,70.00834983608402,420.1406574728885,9,11.122757656938724,0.150229456729207,8.49787157681032,77.38970670546576,Medium,0,70,60,Inspection within 30 Days,4.0,Monitor,60,166.87105495628433,100.12263297377059,Critical
74.86123213622503,89.43163959064223,411.7813283986341,35,5.166758134898392,0.073826119153709,6.989503725892696,70.84852651120494,High,0,40,80,Immediate Maintenance,2.0,Critical,80,308.2645761461326,246.6116609169061,Critical
42.731605907940136,33.345628814518136,298.6254353335501,20,6.947734976872258,0.0836555784791135,6.223951490628762,23.456887394683328,Medium,0,70,60,Inspection within 30 Days,4.0,Monitor,60,127.60744416760323,76.56446650056193,High
54.19670983267042,31.767127209970813,284.076451539838,37,13.10468217215466,0.264530731860076,5.652658091535805,76.68592877165894,High,0,40,80,Immediate Maintenance,2.0,Critical,80,153.9600901439926,123.16807211519408,Critical
92.77518869342084,72.08202311336817,114.29418260273528,17,7.7265064731248465,0.03597414705173,6.91568177464891,25.608705601936805,Low,0,90,30,Normal Operation,7.0,Monitor,30,106.03664357529064,31.810993072587195,Medium
63.177314818401065,62.595149605416594,398.905767681411,31,12.31562119561134,0.217455593416378,4.698374032880345,81.40890624353176,High,0,40,80,Immediate Maintenance,2.0,Critical,80,252.01795267684463,201.6143621414757,Critical
76.72904169647191,42.82044332638738,172.13422120102146,8,8.721202152416987,0.0886312534803705,4.87872396201918,46.69199184648608,Medium,0,70,60,Inspection within 30 Days,4.0,Monitor,60,132.07693835922896,79.24616301553738,High
42.06239098411409,30.16225898428413,273.5129402680759,15,10.218843281579431,0.2304951842071999,4.631426790961585,64.15814018488228,Medium,0,70,60,Inspection within 30 Days,4.0,Monitor,60,115.04608232770453,69.02764939662272,High
43.46023131660695,30.567786223767985,177.92334181738252,31,5.679732998194037,0.2194993014944279,6.496679333050647,49.77926783045148,High,0,40,80,Immediate Maintenance,2.0,Critical,80,77.3258959200717,61.86071673605736,High
32.86080313865352,83.12240685316769,110.2227633498619,30,6.812255610497095,0.0121436514188449,6.90242651674873,17.519274353328164,Low,0,90,30,Normal Operation,7.0,Monitor,30,36.22008527838207,10.866025583514622,Low
41.82545441505152,37.47137610671829,333.30096360128147,20,14.571969635192346,0.1576492697472637,4.749919045431284,33.25778460965321,Medium,0,70,60,Inspection within 30 Days,4.0,Monitor,60,139.4046425959814,83.64278555758884,Critical
49.501323732237104,46.01915153750885,74.44941567030672,39,13.90138053446914,0.0504026498896334,7.384897869995666,88.69854831976048,Medium,0,70,60,Inspection within 30 Days,4.0,Monitor,60,36.85344626771739,22.112067760630435,Low
42.39073389937228,39.73266614475422,386.89035535679,12,11.5227511089905,0.2612058388678162,5.421580286058258,86.85718013358539,High,0,40,80,Immediate Maintenance,2.0,Critical,80,164.00566102163265,131.20452881730614,Critical
36.20917736299389,48.07475987907593,192.9140578675025,17,9.596445973857374,0.2627599060300979,7.240805815079464,35.63895181244378,Medium,0,70,60,Inspection within 30 Days,4.0,Monitor,60,69.85259337139264,41.91155602283558,Medium
38.44451097704206,29.51254977849607,50.0606118520184,30,11.757612928952238,0.1313202841731898,8.427588560140983,89.70374433961807,Medium,0,70,60,Inspection within 30 Days,4.0,Monitor,60,19.24555741862363,11.547334451174178,Low
62.254513762290806,58.738886409037576,280.0081126567534,29,11.18610289093939,0.1388747293508133,7.264423480215404,77.64409563975197,Medium,0,70,60,Inspection within 30 Days,4.0,Monitor,60,174.3176890294293,104.59061341765756,Critical
44.44336028840547,29.394816633493967,71.0833588374214,19,10.68552255604612,0.0979520524273128,8.032772211694434,58.87675995458038,Medium,0,70,60,Inspection within 30 Days,4.0,Monitor,60,31.5918332732153,18.955099963929182,Low
55.49889027336528,77.02317300845351,174.27630101940474,11,5.591770718635418,0.217815826698409,8.29279402697227,13.20996962088076,Medium,0,70,60,Inspection within 30 Days,4.0,Monitor,60,96.7214130752392,58.032847845143515,Medium
65.23920895983998,40.19128532417815,368.1394193550723,34,11.32802610661507,0.1140117952776731,6.447004193409262,82.11574636307036,Medium,0,70,60,Inspection within 30 Days,4.0,Monitor,60,240.17124505659723,144.10274703395834,Critical
78.32763800405557,60.10077444929319,78.21032972983964,7,12.689200445711684,0.0876598176115637,7.309299917678827,54.59434234114558,Low,0,90,30,Normal Operation,7.0,Monitor,30,61.26030395256705,18.378091185770117,Low
32.751849788876925,82.20514069149479,427.702321560201,34,14.940816546455755,0.1353470072563073,7.9078770142233665,79.47809209622156,Medium,0,70,60,Inspection within 30 Days,4.0,Monitor,60,140.0804219009364,84.04825314056183,Critical
85.95872792363298,67.30702898806763,51.7189651963624,20,5.110785525943097,0.036531380332363,5.9264356514975445,76.75432959245938,Medium,0,70,60,Inspection within 30 Days,4.0,Monitor,60,44.45696457805959,26.674178746835754,Low
73.95302726436354,59.6422561258368,161.070741140856,38,12.301734533106767,0.2265149293468191,5.54558926624158,76.64049721608689,High,0,40,80,Immediate Maintenance,2.0,Critical,80,119.11668911080966,95.29335128864771,Critical
35.72313223642104,46.08169395249941,383.40682526843216,24,10.717893159359804,0.0136529563688182,8.286394291113355,65.85390885719241,Low,0,90,30,Normal Operation,7.0,Monitor,30,136.96492719410577,41.089478158231735,Medium
91.1505036874744,46.64512434878287,192.3215673781881,10,9.340521760809567,0.1969006678409722,7.405214001475272,33.31321109408389,Medium,0,70,60,Inspection within 30 Days,4.0,Monitor,60,175.30207736486392,105.18124641891835,Critical
94.46106803722692,68.51665208788236,95.85157462970608,32,6.275701745713709,0.0630307127589129,5.378728533503305,36.89282061956159,Medium,0,70,60,Inspection within 30 Days,4.0,Monitor,60,90.54242112572,54.325452675432,Medium
34.275457189840466,89.6190584793759,212.10526346019253,15,9.09085148634876,0.0773971734021798,6.296333570704453,34.677537006614905,Low,0,90,30,Normal Operation,7.0,Monitor,30,72.70004877469663,21.81001463240899,Low
49.38143537030426,68.01954734020961,171.6769788730365,37,8.543771829861353,0.1943332796056116,7.685807078151237,11.603679962605176,Medium,0,70,60,Inspection within 30 Days,4.0,Monitor,60,84.77655636787942,50.86593382072765,Medium
86.4340895855143,61.25592212905162,429.2203559722497,20,8.028298889787422,0.297953605077043,6.6882519636737685,56.605512737184895,High,1,40,100,Immediate Maintenance,0.0,Critical,100,370.9927070003177,370.9927070003177,Critical
82.37817832685609,72.49228316555099,191.0065629133144,3,12.308796233222076,0.2355380718310397,7.099808392663556,65.90669363568263,Medium,1,70,80,Immediate Maintenance,2.0,Critical,80,157.3477270127287,125.87818161018296,Critical
42.91647135494641,55.23836479844168,405.0196122992032,37,12.007255212842638,0.0754934933447836,7.515072808180209,78.30927948201628,Medium,0,70,60,Inspection within 30 Days,4.0,Monitor,60,173.82012589430255,104.29207553658152,Critical
44.65445263356972,28.90925226905104,451.3424651648306,8,10.890200909809115,0.0610471789619288,6.988036755235923,21.213234670618423,Low,0,90,30,Normal Operation,7.0,Monitor,30,201.5445073222152,60.46335219666455,High
55.93304719539674,61.549293032064135,245.2178388094383,23,14.386648132933722,0.2612075323776244,6.660317287688783,53.53465191814414,Medium,0,70,60,Inspection within 30 Days,4.0,Monitor,60,137.15780951281502,82.294685707689,Critical
63.916608963371495,87.24564349284972,459.4744147344764,11,8.498543841808544,0.1388133448972362,7.498457137551094,10.640651253902629,Medium,0,70,60,Inspection within 30 Days,4.0,Monitor,60,293.68046495257505,176.20827897154504,Critical
73.27783400712072,36.39469125324788,219.7931242834368,8,7.438019377101796,0.049745312820165,7.410252141728803,17.607491816858357,Low,0,90,30,Normal Operation,7.0,Monitor,30,161.05964077148136,48.317892231444404,Medium
55.82395476988407,69.85031790334327,483.8352874205487,29,11.559033130983996,0.260041312763362,7.019489600732715,14.336939536479443,Medium,0,70,60,Inspection within 30 Days,4.0,Monitor,60,270.09599201038566,162.0575952062314,Critical
62.37743012932035,38.06068976283867,90.18028603650782,30,6.98814060937403,0.2466667823451358,5.939157653527719,68.03824272123896,High,0,40,80,Immediate Maintenance,2.0,Critical,80,56.2521449128439,45.001715930275125,Medium
82.32296566936296,59.828799490750285,359.15866992645925,10,8.150105071834247,0.2953328455301774,6.123248368801086,16.48476511020825,High,1,40,100,Immediate Maintenance,0.0,Critical,100,295.67006854209967,295.67006854209967,Critical
32.56782420234185,31.28396922703677,272.2163182056179,39,7.246024400748849,0.2738256691466783,8.38175419553639,67.31623852470321,High,0,40,80,Immediate Maintenance,2.0,Critical,80,88.65493196329312,70.9239455706345,High
47.67058610408145,54.27411085678203,224.4419624550412,28,5.691535677185012,0.257019198211557,4.949543729166104,29.969976352846672,High,0,40,80,Immediate Maintenance,2.0,Critical,80,106.99279896582055,85.59423917265646,Critical
79.93447101191867,74.15061637819099,334.7203454368704,36,13.274987416356732,0.0252465753651909,5.574019669011341,80.21703685575515,Medium,0,70,60,Inspection within 30 Days,4.0,Monitor,60,267.5569374942292,160.53416249653753,Critical
92.66447863810396,47.59214907553384,366.73569123544905,13,7.545405429216611,0.0402804571544542,6.469607036817343,75.05199906910514,Medium,0,70,60,Inspection within 30 Days,4.0,Monitor,60,339.8337162631756,203.90022975790532,Critical
65.81742094809663,68.21926209166918,51.96347134263909,32,9.730275033430209,0.1750051263481956,7.846918744575143,86.62641739802213,High,0,40,80,Immediate Maintenance,2.0,Critical,80,34.20101667282833,27.360813338262666,Low
67.24794396857209,76.7042474513324,125.12888993623942,36,5.433152732543119,0.164128981421728,5.154702654918911,80.70096123664256,High,0,40,80,Immediate Maintenance,2.0,Critical,80,84.14660579281852,67.3172846342548,High
37.502040793784325,85.26655826616442,370.8707227854434,37,11.99339466252643,0.1428093322019653,5.60781847249844,84.66635352930778,High,0,40,80,Immediate Maintenance,2.0,Critical,80,139.08408975119974,111.26727180095979,Critical
61.318865677641824,40.25173532060448,349.8734361101929,26,8.305610023062908,0.1250689043702294,4.763192871180956,78.69939172106461,High,0,40,80,Immediate Maintenance,2.0,Critical,80,214.5384223301592,171.63073786412735,Critical
67.28320865185162,50.95553452760503,484.72137730790473,22,12.4473672782921,0.1350510406106553,7.323941064203273,65.47055204918843,Medium,0,70,60,Inspection within 30 Days,4.0,Monitor,60,326.1360956742065,195.6816574045239,Critical
46.97293525443108,34.90704086647713,392.4670056128524,4,9.124030604678662,0.1750964008990906,5.4528377419024645,23.62073217003488,Medium,0,70,60,Inspection within 30 Days,4.0,Monitor,60,184.35327244152955,110.61196346491774,Critical
48.84702616645667,89.51142764029439,477.8477184791021,31,6.957556064056246,0.0106021901040235,6.054699002683802,31.73660150832744,Medium,0,70,60,Inspection within 30 Days,4.0,Monitor,60,233.41440008130328,140.04864004878198,Critical
56.40989141732359,85.2550629150792,366.1432256906632,18,10.131750822820358,0.0856055444985271,6.274805788118671,27.018157290421847,Medium,0,70,60,Inspection within 30 Days,4.0,Monitor,60,206.5409960439892,123.92459762639352,Critical
31.40498384444085,60.097213468236376,184.12349388774945,38,6.305045596374398,0.1603011189997262,8.065255742425823,58.28686301265645,High,0,40,80,Immediate Maintenance,2.0,Critical,80,57.82395350926775,46.25916280741421,Medium
52.54554159082248,79.73216413446738,97.41421501288542,24,9.405391598729947,0.2194426686153574,6.145321161324947,50.28959503788811,High,0,40,80,Immediate Maintenance,2.0,Critical,80,51.18682686496894,40.94946149197515,Medium
44.801360489758125,58.86226852268274,401.820738505221,23,8.173054774204864,0.0605054407946649,5.080900079660996,79.36639977267389,Medium,0,70,60,Inspection within 30 Days,4.0,Monitor,60,180.0211575803324,108.01269454819945,Critical
52.924814652454025,65.53306972017938,339.8671496641622,22,14.119595841996333,0.1685955403983555,6.597259753360484,86.21382931992605,Medium,0,70,60,Inspection within 30 Days,4.0,Monitor,60,179.87405902433636,107.92443541460182,Critical
38.38334922734759,30.79308808754108,71.6837055769833,2,5.6092872172072,0.2171933083268767,8.351831978594518,42.38879116945155,Medium,0,70,60,Inspection within 30 Days,4.0,Monitor,60,27.514607050717142,16.508764230430288,Low
92.33690965179264,74.0925773322925,212.02270965544025,31,11.94017414105742,0.1389420207950323,6.9307425642032445,50.50804426246499,Medium,0,70,60,Inspection within 30 Days,4.0,Monitor,60,195.7752178558265,117.4651307134959,Critical
71.5514717487834,33.30137643629026,480.5599169679288,11,6.827511659874359,0.0178535287643148,8.43354888184229,87.72130854433114,Medium,0,70,60,Inspection within 30 Days,4.0,Monitor,60,343.8476932252845,206.3086159351707,Critical
77.53716234011426,78.69439596641435,275.1805155695905,28,8.190450743322398,0.1402877659550346,7.86442923575548,32.099115329851486,Medium,0,70,60,Inspection within 30 Days,4.0,Monitor,60,213.3671630855568,128.02029785133408,Critical
85.24198670251369,75.83182569857507,244.7281112088671,32,9.15514063062066,0.0959690174458044,4.643863024853651,73.39126202870509,High,0,40,80,Immediate Maintenance,2.0,Critical,80,208.6111040139754,166.8888832111803,Critical
64.89095392503401,71.06840535329347,255.96482232168228,5,14.080150893749742,0.2795983862333852,7.133598381508167,28.0191921868197,Medium,0,70,60,Inspection within 30 Days,4.0,Monitor,60,166.09801491705804,99.65880895023481,Critical
36.084420166119656,27.35042473410953,143.99722580232367,38,7.4257826607382516,0.0461378818467149,5.647067510231535,64.51680923402176,Medium,0,70,60,Inspection within 30 Days,4.0,Monitor,60,51.96056398606654,31.176338391639923,Medium
67.59745792729834,44.70334313644637,215.91822688915784,10,5.913088025446703,0.1992180270970973,6.738467422578895,30.28925021108513,Medium,0,70,60,Inspection within 30 Days,4.0,Monitor,60,145.95523257876704,87.57313954726021,Critical
71.07887826146154,42.10231704420478,216.41596519422947,24,8.186896039905236,0.0252887322370053,5.617380763724906,80.69867110651094,Medium,0,70,60,Inspection within 30 Days,4.0,Monitor,60,153.82604043877333,92.295624263264,Critical
82.1807631929031,48.40886648564874,73.55975908436258,35,6.046759705355333,0.139389426965682,5.895481666421162,54.91823549893415,High,0,40,80,Immediate Maintenance,2.0,Critical,80,60.45197141839004,48.361577134712036,Medium
60.21616823607756,30.696778539649507,395.4054328330632,23,6.285964859605525,0.1706540512938233,8.192674847016718,24.87469126995077,Medium,0,70,60,Inspection within 30 Days,4.0,Monitor,60,238.098000649348,142.8588003896088,Critical
38.93062119568946,85.90225849701909,237.42699435674555,17,10.738505979750268,0.0964069300818909,5.326572739566821,27.94953405587888,Low,0,90,30,Normal Operation,7.0,Monitor,30,92.4318037893356,27.72954113680068,Low
49.86431340591072,60.99714564630446,419.9809490673905,1,5.609019330994933,0.1419719343009114,7.996436472103322,49.50793565664802,Medium,0,70,60,Inspection within 30 Days,4.0,Monitor,60,209.42061668808185,125.65237001284912,Critical
55.41576074790446,44.85908019277153,432.6566005039529,31,5.30930881393566,0.0574306004137543,4.621831232281988,86.9281620459903,High,0,40,80,Immediate Maintenance,2.0,Critical,80,239.7599465952873,191.8079572762298,Critical
75.2142068932121,50.80379860982842,145.39732461439613,31,12.144141014704978,0.0981959163457304,4.8635061534785935,71.57137311069235,Medium,0,70,60,Inspection within 30 Days,4.0,Monitor,60,109.3594445526671,65.61566673160026,High
69.95448132682384,54.06816513281432,345.80906697655786,34,8.616470948410445,0.1901208342239588,7.918700165537054,49.06477142606761,High,0,40,80,Immediate Maintenance,2.0,Critical,80,241.9089391845799,193.52715134766393,Critical
54.92677081284924,64.03863166844013,262.5268118733418,9,6.253753492338733,0.0975220161997349,7.022224123636781,37.01753156497737,Medium,0,70,60,Inspection within 30 Days,4.0,Monitor,60,144.19750027995033,86.5185001679702,Critical
99.05606741550858,58.51916280027236,446.0705320646682,22,7.536127708597082,0.2709254927385728,7.488944552158201,53.94147946787541,High,1,40,100,Immediate Maintenance,0.0,Critical,100,441.8599269626955,441.8599269626955,Critical
72.4042373549821,84.76047825893713,147.08330562940435,13,11.420865073523991,0.192238017715887,5.337670683287417,69.86886667428958,Medium,0,70,60,Inspection within 30 Days,4.0,Monitor,60,106.49454571746767,63.8967274304806,High
46.60587542151961,57.30262638887897,355.0159401395199,25,7.755365671408512,0.1372082153464354,6.648333822360414,72.714287076224,Medium,0,70,60,Inspection within 30 Days,4.0,Monitor,60,165.4582867879613,99.27497207277678,Critical
37.12477308342826,89.49027096351533,323.4884550137252,18,9.945211251204078,0.0212395113107129,7.448876894285219,35.96870384775557,Low,0,90,30,Normal Operation,7.0,Monitor,30,120.09435487493336,36.02830646248001,Medium
40.70013974290324,80.34262225343122,182.88566490732475,12,6.216953067266723,0.1548690172093546,7.00925654804105,67.69274145711017,Medium,0,70,60,Inspection within 30 Days,4.0,Monitor,60,74.43472118701892,44.66083271221135,Medium
47.21704098691557,38.55318343322683,111.47040664302769,17,10.88093637605447,0.2317851102162758,6.386795067564838,62.62310240289489,Medium,0,70,60,Inspection within 30 Days,4.0,Monitor,60,52.633027592919845,31.579816555751908,Medium
41.2476961281689,85.48868895185456,343.23789221477443,15,8.160776838432641,0.0870117034235999,8.33913514575086,86.7289833597035,Medium,0,70,60,Inspection within 30 Days,4.0,Monitor,60,141.57772277748205,84.94663366648923,Critical
43.0596916835914,32.56381586255595,382.3688561595488,15,11.269684345287166,0.2439643351981425,7.204629333813781,84.48722324064119,High,0,40,80,Immediate Maintenance,2.0,Critical,80,164.64685055637682,131.71748044510147,Critical
49.956661808569294,78.13423105192746,192.0323046935075,15,13.08394882304023,0.0830239621547556,8.131003200964951,73.15034604828617,Medium,0,70,60,Inspection within 30 Days,4.0,Monitor,60,95.93292901893687,57.55975741136213,Medium
42.13615167063284,49.74051407597771,340.1746718100412,39,11.116464193899924,0.2488864525057321,7.419082046294725,67.87157510839427,High,0,40,80,Immediate Maintenance,2.0,Critical,80,143.33651565895647,114.66921252716519,Critical
92.77357972384976,82.06833082892952,227.80890842517647,13,7.957475625950207,0.0347278190673864,7.441854114390733,31.923327176342067,Low,0,90,30,Normal Operation,7.0,Monitor,30,211.34647927586295,63.40394378275889,High
35.61636219631495,81.42368485698427,370.943097477178,17,7.5574370154830035,0.2611932755720185,4.820073079030717,77.67722048788266,High,0,40,80,Immediate Maintenance,2.0,Critical,80,132.11643713970136,105.6931497117611,Critical
66.71579726991783,77.38515100764538,139.6468737023239,32,8.27420958733448,0.1547640707706658,5.937858487415774,44.200456297069294,High,0,40,80,Immediate Maintenance,2.0,Critical,80,93.1665251530206,74.53322012241648,High
58.72777788927631,76.35197835995899,450.5967511862785,9,6.646205132365049,0.0959959009898759,7.933477626878634,31.779243400483573,Low,0,90,30,Normal Operation,7.0,Monitor,30,264.62545921297266,79.3876377638918,High
98.76650318360244,44.80414404137265,179.33431840951087,20,6.811718508500201,0.0868828426203931,5.430415448595024,40.732860636277,Medium,0,70,60,Inspection within 30 Days,4.0,Monitor,60,177.1222353012213,106.27334118073279,Critical
37.842723151763664,30.25975339833139,215.5036944902688,26,12.90691101900168,0.1352830620898051,4.962023464625865,76.87483920132064,Medium,0,70,60,Inspection within 30 Days,4.0,Monitor,60,81.55246648777499,48.931479892664996,Medium
57.84989193320192,51.193711619735495,76.1413784361574,27,8.84732576507445,0.299724354450057,5.804424226555174,21.8906572462308,High,0,40,80,Immediate Maintenance,2.0,Critical,80,44.047705141767366,35.238164113413895,Medium
97.86293032927584,36.279093474123066,100.18049554457436,21,9.359951805705858,0.0738949440968989,5.381751539570455,46.4926992895858,Medium,0,70,60,Inspection within 30 Days,4.0,Monitor,60,98.0395685583101,58.82374113498606,Medium
90.58549881257862,70.17182077866002,282.13785622054763,18,10.940494655668113,0.0399328281749098,8.20115277917262,49.38860756235918,Low,0,90,30,Normal Operation,7.0,Monitor,30,255.5759843964989,76.67279531894968,High
87.19504496644959,47.49648222495606,170.41670452758717,13,10.896534951515475,0.1796601989284119,7.971866568008524,12.930375807905552,Medium,0,70,60,Inspection within 30 Days,4.0,Monitor,60,148.59492214317115,89.15695328590269,Critical
48.05319789314579,88.41466305589447,425.9661015839875,16,5.673768715219257,0.1516773152676745,6.498732921131617,25.65968236385323,Medium,0,70,60,Inspection within 30 Days,4.0,Monitor,60,204.69033375187195,122.81420025112317,Critical
41.96213111730461,66.66318502744659,56.61202489472923,9,13.315407863376656,0.1620169186083591,4.745375497935472,76.13939428606852,Medium,0,70,60,Inspection within 30 Days,4.0,Monitor,60,23.75561211448741,14.253367268692445,Low
76.80502539471017,78.46123663623345,220.59232190237128,12,6.773265532239394,0.2034112710915929,7.358249384372625,76.46139108758085,High,0,40,80,Immediate Maintenance,2.0,Critical,80,169.4259888558971,135.54079108471768,Critical
95.056319238931,33.614103728220144,201.8054960460917,38,12.23071636049669,0.0874717802624883,6.993646925345058,33.39320671073984,Medium,0,70,60,Inspection within 30 Days,4.0,Monitor,60,191.8288765632812,115.09732593796872,Critical
68.97340251097509,81.03094134772047,58.69743391292047,19,12.726709881281666,0.2740928486613276,8.382218682913983,79.99177876783409,High,0,40,80,Immediate Maintenance,2.0,Critical,80,40.48561735637223,32.38849388509779,Medium
70.01288826289299,84.97921738337064,105.9657795502296,7,12.148995340913135,0.1363448991754642,6.735812961081508,71.74263512546783,Medium,0,70,60,Inspection within 30 Days,4.0,Monitor,60,74.18970283340576,44.51382170004345,Medium
49.59853655621989,56.65902472323083,236.13920371338588,35,10.789776465541452,0.0474349965913139,5.845574893611637,43.43259870363276,Medium,0,70,60,Inspection within 30 Days,4.0,Monitor,60,117.12158927735024,70.27295356641014,High
83.86450532343558,64.40644095381353,271.789063001351,18,5.146089971088829,0.2252666394528438,6.576086774314224,69.87250755240302,High,1,40,100,Immediate Maintenance,0.0,Critical,100,227.9345532092837,227.9345532092837,Critical
43.09306239902664,74.7126370586947,231.9303862646911,16,8.603754923631707,0.1965002622591765,8.417053165618064,86.9067704955845,Medium,0,70,60,Inspection within 30 Days,4.0,Monitor,60,99.94590607534684,59.96754364520811,Medium
52.657546548297056,36.36451077192682,288.9219552854422,39,11.048394293625812,0.1015655867203707,7.285449730132122,46.7175774452279,Medium,0,70,60,Inspection within 30 Days,4.0,Monitor,60,152.13921309268173,91.28352785560905,Critical
59.78055070314917,57.66679497012376,317.8092537075567,4,8.874512959225386,0.190240429969874,7.187904551708204,29.074174316278693,Medium,0,70,60,Inspection within 30 Days,4.0,Monitor,60,189.9881220519459,113.99287323116754,Critical
65.53272650791186,50.913096805200354,54.46571950752603,25,13.63479894912813,0.0737599673470032,5.4627263589035415,85.34532000401246,Medium,0,70,60,Inspection within 30 Days,4.0,Monitor,60,35.69287100543343,21.41572260326006,Low
46.968681269055615,34.5143094905462,258.84282175407674,32,8.088022753496153,0.1390034142087535,7.47441007024247,58.29954308506052,Medium,0,70,60,Inspection within 30 Days,4.0,Monitor,60,121.57505993750205,72.94503596250122,High
38.03857773174425,48.889737448949546,483.5746583994147,13,7.935347924586605,0.2708296314285243,7.501087317887087,18.421212998434022,Medium,0,70,60,Inspection within 30 Days,4.0,Monitor,60,183.9449223262781,110.36695339576686,Critical
72.74340297091427,29.431200110057084,283.5645260582969,17,7.65997693092658,0.0487249276166173,5.769155935103621,55.81462526853515,Medium,0,70,60,Inspection within 30 Days,4.0,Monitor,60,206.27448587315016,123.7646915238901,Critical
50.2041387268179,26.67777395171665,354.8940203565289,37,8.327808689607956,0.1221419704963639,6.434855329562852,50.0464711558639,Medium,0,70,60,Inspection within 30 Days,4.0,Monitor,60,178.17148631297314,106.90289178778389,Critical
70.68667549958286,33.78580879506348,190.33873606259743,6,10.574049643141873,0.2481313031689007,5.678413331761824,78.44711152604506,High,0,40,80,Immediate Maintenance,2.0,Critical,80,134.54412471057574,107.63529976846058,Critical
40.80539006919416,87.6024822532963,398.29612016874313,19,12.070152942725908,0.2911523608277916,5.534820281297147,52.45561518108171,High,0,40,80,Immediate Maintenance,2.0,Critical,80,162.52628546532193,130.02102837225755,Critical
63.67980712983722,60.7194198331761,397.8146668442518,13,11.625679177387852,0.1416385795623208,4.603584280997941,30.41859474754268,Medium,0,70,60,Inspection within 30 Days,4.0,Monitor,60,253.32761258062405,151.99656754837443,Critical
67.281260278611,87.7784404749593,284.5832214443625,26,13.077178199814796,0.1570298898415707,5.640846978613329,64.05152510919109,Medium,0,70,60,Inspection within 30 Days,4.0,Monitor,60,191.47117792923743,114.88270675754245,Critical
33.62764757756988,53.11236209145858,489.2062204756461,14,13.85913995497425,0.1759298689172932,6.715879799513099,53.40603620284641,Medium,0,70,60,Inspection within 30 Days,4.0,Monitor,60,164.50854374909977,98.70512624945987,Critical
53.56229947357444,45.26804865054187,106.49759664319402,31,13.160790423433513,0.2803809610737761,4.506404750196115,28.6435702613498,High,0,40,80,Immediate Maintenance,2.0,Critical,80,57.04256164618694,45.63404931694955,Medium
39.409027385728194,57.89922108461587,57.62644920031145,4,5.189454033743546,0.2588799693833386,5.63287633523867,55.89022863543263,Medium,0,70,60,Inspection within 30 Days,4.0,Monitor,60,22.710023146773484,13.62601388806409,Low
34.43624793309374,53.56825976113916,396.5711952906932,39,12.359179535519887,0.0594743261402768,8.025641329293,75.72284623117488,Medium,0,70,60,Inspection within 30 Days,4.0,Monitor,60,136.56424004153646,81.93854402492188,Critical
99.29721626729616,31.86820447701336,413.2199918141972,8,7.083995736183316,0.1366597671756517,6.874594340429443,12.285673417920837,Medium,0,70,60,Inspection within 30 Days,4.0,Monitor,60,410.3159489314469,246.18956935886814,Critical
52.56476914823061,66.65371045486341,104.0932531042593,25,6.329280427079826,0.1445601241769636,6.931451296323922,60.46808309160894,Medium,0,70,60,Inspection within 30 Days,4.0,Monitor,60,54.716378193137295,32.82982691588238,Medium
86.69121120982444,39.042481863123975,169.51227483137274,13,11.384887847991354,0.2388378723781394,6.113457220105413,37.966815662751365,Medium,1,70,80,Immediate Maintenance,2.0,Critical,80,146.9522442006434,117.56179536051474,Critical
47.82484583346347,65.27321706835892,57.89856351498301,32,8.197431954076949,0.1848389359555762,7.205888573969644,33.41371566075394,Medium,0,70,60,Inspection within 30 Days,4.0,Monitor,60,27.689898740830557,16.613939244498333,Low
77.70519055567505,67.26307100587997,181.9888748512541,38,5.571171633704433,0.1997239339884137,5.259731064921437,41.4070200288889,High,0,40,80,Immediate Maintenance,2.0,Critical,80,141.41480199329598,113.1318415946368,Critical
83.21595019227806,34.88161545336213,397.91384326340216,38,6.376297343983613,0.2994779732230291,7.774987241536767,37.36181313983853,High,1,40,100,Immediate Maintenance,0.0,Critical,100,331.1277856182521,331.1277856182521,Critical
71.6947118425491,28.98772576219343,283.0822374706605,28,5.00929416869961,0.0317384126063037,4.9667564797436,76.57912853667533,Medium,0,70,60,Inspection within 30 Days,4.0,Monitor,60,202.95499443203065,121.77299665921839,Critical
63.01033319851109,75.74950309444858,206.64301692572965,30,14.032236273447072,0.0746728488247825,7.1240054186124375,31.983824861432044,Medium,0,70,60,Inspection within 30 Days,4.0,Monitor,60,130.2064534963579,78.12387209781474,High
58.8288639903088,54.88702754500581,217.28268270784864,3,5.246179838412386,0.1282898218377485,5.864597303278732,68.65224184852683,Medium,0,70,60,Inspection within 30 Days,4.0,Monitor,60,127.82493388469447,76.69496033081668,High
54.42077865800967,28.78064670785593,50.60913157196067,28,7.09455769509511,0.1108568968841772,7.490051882329907,17.524785618287098,Medium,0,70,60,Inspection within 30 Days,4.0,Monitor,60,27.5418834735176,16.52513008411056,Low
95.0670400973478,89.66631061603486,184.91023740435617,3,9.162627806879073,0.0162772127906252,6.69905820506408,86.11170979875324,Low,0,90,30,Normal Operation,7.0,Monitor,30,175.78868953730026,52.736606861190076,Medium
88.14335854514104,28.75573646476383,340.9064337370687,34,8.56571325950819,0.0366155058766409,6.309412153914865,59.785330979884144,Medium,0,70,60,Inspection within 30 Days,4.0,Monitor,60,300.48638019231817,180.2918281153909,Critical
97.55188374665588,70.17728987580595,488.3874997173607,16,14.117258769127757,0.207476454507037,5.177689608372988,66.53748616356481,Medium,1,70,80,Immediate Maintenance,2.0,Critical,80,476.4312059574791,381.14496476598333,Critical
38.70080564398813,88.93913014212188,431.1773721427548,22,5.402889457345421,0.2650040943751426,7.047285857137411,33.84314656755608,High,0,40,80,Immediate Maintenance,2.0,Critical,80,166.86911677382298,133.49529341905838,Critical
81.1607232642551,40.546706774035165,60.617734090488106,32,10.122147076770515,0.1591258332671335,8.399079373681651,42.967725496649166,Medium,0,70,60,Inspection within 30 Days,4.0,Monitor,60,49.19779141424308,29.518674848545846,Low
95.68383197747264,34.24620896466775,454.3522721036777,38,11.80479462524374,0.1663654130589535,7.80241369962806,27.9022709016781,Medium,0,70,60,Inspection within 30 Days,4.0,Monitor,60,434.7416646255122,260.8449987753073,Critical
42.68631463159621,32.89002106245788,402.4392859843817,8,14.316979736811687,0.08397709552139,4.740032770356047,84.60288686417792,Medium,0,70,60,Inspection within 30 Days,4.0,Monitor,60,171.78649981644244,103.07189988986548,Critical
34.654738715674426,44.71288459189371,401.1692556069412,8,11.203712521237213,0.2326841454537763,6.004917513444765,49.04835576811021,Medium,0,70,60,Inspection within 30 Days,4.0,Monitor,60,139.02415733820155,83.41449440292094,Critical
81.87844545030413,31.567977715692034,256.0980915516071,6,13.037552360117626,0.2280204303365043,8.202332036761087,60.4358492526392,Medium,1,70,80,Immediate Maintenance,2.0,Critical,80,209.6891361903525,167.75130895228202,Critical
70.21311792259382,69.99048721011857,229.10238182952628,14,5.837249378453484,0.1806260498731204,6.512174990228086,68.74176244245723,High,0,40,80,Immediate Maintenance,2.0,Critical,80,160.8599255174365,128.6879404139492,Critical
88.92801437307904,29.04896687845408,186.31207797493667,32,8.859395109369274,0.0716726430882894,7.148447303232716,39.68848728796311,Medium,0,70,60,Inspection within 30 Days,4.0,Monitor,60,165.6836314803339,99.41017888820033,Critical
39.78406636384027,58.11243832973633,79.5626865294646,35,8.739471344790674,0.0381352832887559,8.150397382365561,67.60813236313129,Medium,0,70,60,Inspection within 30 Days,4.0,Monitor,60,31.6532720097364,18.99196320584184,Low
85.66871183019231,89.7852955004435,152.7059135721646,10,13.862882164557176,0.0286291869985665,7.995178761679522,64.07939918050721,Low,0,90,30,Normal Operation,7.0,Monitor,30,130.82118904580022,39.24635671374007,Medium
44.11391240334211,77.90806751789123,160.97163574011108,3,6.513711712632749,0.1818818593264345,6.507281502162044,66.45274670991571,Medium,0,70,60,Inspection within 30 Days,4.0,Monitor,60,71.01088638461954,42.60653183077173,Medium
41.45591600059932,64.9892634850157,267.8346813695907,12,6.518861723366303,0.249260242551412,6.250585210630408,49.13839201636903,Medium,0,70,60,Inspection within 30 Days,4.0,Monitor,60,111.0333205290504,66.61999231743025,High
41.49860585516951,44.90648535112976,386.3499829685123,31,8.285581498857985,0.2589158252164681,5.858770473918348,40.63499058332937,High,0,40,80,Immediate Maintenance,2.0,Critical,80,160.3298566536174,128.26388532289394,Critical
87.02023041619674,65.5532293589565,263.214422779076,29,5.544660473668376,0.1444504015596004,7.3760777726515645,27.766575056719187,Medium,0,70,60,Inspection within 30 Days,4.0,Monitor,60,229.0497971910142,137.42987831460852,Critical
76.563805448734,59.25769515425736,76.03000225122227,5,6.8245804065249,0.2374386767989479,5.6479471978861735,75.97010822407144,High,0,40,80,Immediate Maintenance,2.0,Critical,80,58.2114630062939,46.56917040503512,Medium
66.61457973383835,52.69541995287415,481.0054104446917,25,14.652096385457352,0.2845952569388968,5.4995504257236005,58.66800372253429,High,0,40,80,Immediate Maintenance,2.0,Critical,80,320.4197326647556,256.33578613180447,Critical
55.118133888645175,33.49617448811296,474.2259435923505,31,9.281839398671728,0.0897993326215397,5.92499957841512,45.5481756877996,Medium,0,70,60,Inspection within 30 Days,4.0,Monitor,60,261.38449052392275,156.83069431435365,Critical
91.40403785691758,82.62927399063034,403.33529441678377,21,11.320192084224365,0.1254085004504195,5.208860227515168,85.51967253684892,Medium,0,70,60,Inspection within 30 Days,4.0,Monitor,60,368.66474519902704,221.19884711941623,Critical
57.47115751958448,54.23600217338596,496.0975557038993,20,12.26111259344637,0.2801289078530374,7.28047926378307,13.827105000563105,Medium,0,70,60,Inspection within 30 Days,4.0,Monitor,60,285.11300768939634,171.0678046136378,Critical
87.1619607630104,37.650463268349725,295.0170497601183,39,8.669614070072004,0.1080869805220126,6.964962597322449,78.01375561640381,High,0,40,80,Immediate Maintenance,2.0,Critical,80,257.1426451561052,205.71411612488413,Critical
60.73944359991529,48.90435780702383,483.2457576139427,22,6.4722707441051694,0.2750241241933209,6.431514136463374,89.80660743567779,High,0,40,80,Immediate Maintenance,2.0,Critical,80,293.52078439490407,234.81662751592324,Critical
56.38611005974353,51.91843391438026,84.02226827753785,4,7.065810162217808,0.294503010053795,6.061303117046219,80.95536887062939,High,0,40,80,Immediate Maintenance,2.0,Critical,80,47.37688866566546,37.90151093253237,Medium
62.38758499687245,78.78996321184684,214.55633671761709,13,8.132664765806103,0.2019251112865831,8.136250171586926,74.83492684925002,Medium,0,70,60,Inspection within 30 Days,4.0,Monitor,60,133.8565169358792,80.31391016152752,Critical
51.09645119148995,72.68493473649113,151.42157060304464,20,11.360684203522258,0.2468981839562088,4.616495139956421,39.944479472505975,Medium,0,70,60,Inspection within 30 Days,4.0,Monitor,60,77.37104891657219,46.42262934994332,Medium
82.33265661233759,75.0048180866871,138.1248878604215,13,8.982805490890545,0.2273682136241147,7.576430974029197,28.50513458098348,Medium,1,70,80,Immediate Maintenance,2.0,Critical,80,113.7218896182972,90.97751169463776,Critical
65.19042730647354,25.71703218786207,113.36132700170424,17,5.068146979001281,0.2128649347085019,8.107638286995556,68.78804163996809,High,0,40,80,Immediate Maintenance,2.0,Critical,80,73.90073347269976,59.120586778159804,Medium
46.25488866027721,52.0500098816845,330.0861387046985,36,10.234071850674718,0.0990100111645574,6.285418317719704,34.36602930308547,Medium,0,70,60,Inspection within 30 Days,4.0,Monitor,60,152.6809759408665,91.60858556451988,Critical
92.9702201292198,56.28736985629604,401.5948350862873,33,14.215133919074178,0.0265573579933036,6.702761965882587,24.08317457239765,Medium,0,70,60,Inspection within 30 Days,4.0,Monitor,60,373.3636022072985,224.0181613243791,Critical
56.8723854961248,26.247497993498683,310.2342797391623,1,13.12077611008679,0.1094850024306986,8.277854751528151,72.9220709682873,Low,0,90,30,Normal Operation,7.0,Monitor,30,176.43763551438258,52.93129065431477,Medium
68.04870027797921,41.88785856842722,116.13321931469436,15,13.25211371259631,0.2034114357091329,5.349110061142058,35.003492178937776,Medium,0,70,60,Inspection within 30 Days,4.0,Monitor,60,79.02714633462462,47.41628780077477,Medium
93.45304776751829,74.41883850293877,415.00569647006193,13,12.950580176061312,0.0397334674860624,6.580539391138739,83.15533835898707,Medium,0,70,60,Inspection within 30 Days,4.0,Monitor,60,387.8354717600889,232.70128305605337,Critical
73.69665971397944,33.912130872384935,336.17961822367783,17,8.237308256104237,0.0134562150636902,6.398884508512852,77.25061158553002,Medium,0,70,60,Inspection within 30 Days,4.0,Monitor,60,247.75314927005908,148.65188956203545,Critical
38.18286284958548,59.795158544418456,224.674567757148,24,12.65193833754392,0.0505107880548522,5.53357059148148,77.81122636074042,Medium,0,70,60,Inspection within 30 Days,4.0,Monitor,60,85.78718206461082,51.47230923876649,Medium
95.78824865294324,38.98812168112044,353.3586329912283,8,6.43161357811193,0.2175634186591306,7.774372921492432,71.7255780844661,High,1,40,100,Immediate Maintenance,0.0,Critical,100,338.4760460062789,338.4760460062789,Critical
73.93956371499925,25.787850351853063,166.95724065927476,27,11.577161472759537,0.2921101734803687,8.098402379052944,80.47051390197893,High,0,40,80,Immediate Maintenance,2.0,Critical,80,123.44745533406908,98.75796426725526,Critical
53.44339302599603,40.67809474397019,205.33649382239471,23,11.415685666849944,0.2950887628882979,7.627730319152835,74.4597513742496,High,0,40,80,Immediate Maintenance,2.0,Critical,80,109.73878941930246,87.79103153544197,Critical
39.74904508643711,88.4317940691535,462.8686294093956,8,5.255697990897347,0.1532539532506545,5.2814358433944335,58.200909085978296,Medium,0,70,60,Inspection within 30 Days,4.0,Monitor,60,183.98586019491412,110.39151611694848,Critical
85.58176324892071,77.09991227239432,180.7270275521392,8,12.879701335909315,0.2621121672877807,4.846994542005526,33.66581748654905,Medium,1,70,80,Immediate Maintenance,2.0,Critical,80,154.66937684648346,123.73550147718677,Critical
73.40509291499595,87.37248188086717,261.4947206710715,26,14.032481050951306,0.2236796721679362,6.92177794122137,81.05673545713192,High,0,40,80,Immediate Maintenance,2.0,Critical,80,191.95044267640915,153.5603541411273,Critical
67.34227643834251,56.71051285521356,450.5635118282066,13,7.674152784721077,0.155301668725535,4.728379042039536,77.24828982185535,Medium,0,70,60,Inspection within 30 Days,4.0,Monitor,60,303.41972566565494,182.05183539939296,Critical
92.57248081356704,32.13285291403773,368.47460762038736,39,13.12390724186151,0.1761005545569751,7.191303554232337,47.83034577684361,High,0,40,80,Immediate Maintenance,2.0,Critical,80,341.10608544224954,272.8848683537996,Critical
85.20180478571714,60.617366783290045,77.99145177411624,37,5.824059718619482,0.0497958725188926,6.621696881308971,13.126294880156417,Medium,0,70,60,Inspection within 30 Days,4.0,Monitor,60,66.45012449012926,39.87007469407755,Medium
40.61724158129258,54.53452674639746,116.28636992553665,28,10.99967858261066,0.2819218235788117,7.151142930974654,61.08349819215307,High,0,40,80,Immediate Maintenance,2.0,Critical,80,47.23231579877078,37.78585263901662,Medium
51.82054474568838,79.88321037807503,53.52871584736257,25,9.856468653342771,0.1120596335122152,6.860683094598976,14.04774829412654,Medium,0,70,60,Inspection within 30 Days,4.0,Monitor,60,27.738872147474908,16.643323288484943,Low
47.3942397870126,31.375367750975897,333.9148056031235,16,10.45923533309,0.1393832843725791,6.190810278108691,84.10239694787258,Medium,0,70,60,Inspection within 30 Days,4.0,Monitor,60,158.25638365188135,94.95383019112882,Critical
82.07624048008739,56.73567390641559,251.45304143468823,2,14.26205201884345,0.2047814669893906,5.303508720560913,86.93050053002456,Medium,1,70,80,Immediate Maintenance,2.0,Critical,80,206.3832029824285,165.10656238594277,Critical
32.347270431504555,34.753163205108976,110.423682906024,18,13.713152472468536,0.1068317167427006,5.722808543241954,25.159211671968336,Low,0,90,30,Normal Operation,7.0,Monitor,30,35.71904733003865,10.715714199011595,Low
69.89227794099216,46.1039352478539,481.0703544755467,17,12.85083657239757,0.0837351566867898,6.598002296875906,64.1111502443928,Medium,0,70,60,Inspection within 30 Days,4.0,Monitor,60,336.23102924176527,201.73861754505916,Critical
83.37210800184835,72.92821003020697,288.34687577552893,30,7.73698457678371,0.1930043240483639,7.107472374590424,17.38152036502102,Medium,0,70,60,Inspection within 30 Days,4.0,Monitor,60,240.40086869152947,144.2405212149177,Critical
91.37359457332246,55.94117840896983,158.85198235080014,39,14.118186286860915,0.0172453838617363,7.6179320675381135,68.36135428584977,Medium,0,70,60,Inspection within 30 Days,4.0,Monitor,60,145.1487663249059,87.08925979494353,Critical
53.94572241011352,49.43273853447501,275.2716070196184,13,5.975076924638753,0.2190102824877368,7.568682873796243,37.783013292213965,Medium,0,70,60,Inspection within 30 Days,4.0,Monitor,60,148.4972569966619,89.09835419799714,Critical
87.48801132704091,50.6409581070523,355.8291497307985,32,13.533292165587875,0.1590667772641878,8.390754973044341,64.48400893843562,Medium,0,70,60,Inspection within 30 Days,4.0,Monitor,60,311.3078468213944,186.78470809283664,Critical
37.744221586864505,54.86403994638913,84.30764808810402,29,8.281600723536078,0.1856685818510709,5.643365794653638,39.83012073617423,Medium,0,70,60,Inspection within 30 Days,4.0,Monitor,60,31.821265509047915,19.09275930542875,Low
89.25166042141628,76.0260753494087,173.6167167715514,30,5.5377231166198335,0.1932452461815967,4.784442832853747,21.64540078665886,High,0,40,80,Immediate Maintenance,2.0,Critical,80,154.95580248775713,123.9646419902057,Critical
38.92420636323877,82.98550478111524,413.13447089779714,18,11.693569842407484,0.1628445453828435,5.882627742167437,42.48879844020463,Medium,0,70,60,Inspection within 30 Days,4.0,Monitor,60,160.80931400993316,96.4855884059599,Critical
57.81011033922571,87.09675462275534,256.8491916811976,13,7.312799283159554,0.1789347954578134,7.473177900896307,19.0138821307832,Medium,0,70,60,Inspection within 30 Days,4.0,Monitor,60,148.48480111630968,89.0908806697858,Critical
85.81067560456876,76.14872010659418,295.9597139145327,21,7.435711258646319,0.2082985782580636,6.252446604133181,56.15066199815566,High,1,40,100,Immediate Maintenance,0.0,Critical,100,253.9650300274094,253.9650300274094,Critical
40.49421991441417,45.50144822362083,244.7672009942612,30,8.060471662287714,0.2284044656821054,7.771153722357678,13.276122571958382,Medium,0,70,60,Inspection within 30 Days,4.0,Monitor,60,99.11656864897226,59.469941189383356,Medium
46.0475976662849,69.72875589562524,69.75497418935231,21,5.636847675025168,0.2209611934729749,6.69730546074406,52.18557436798878,High,0,40,80,Immediate Maintenance,2.0,Critical,80,32.12048986693383,25.696391893547066,Low
80.55767978751464,53.44420306360048,124.58740091907016,17,6.77127144198254,0.2621887727423559,8.219166890522011,80.90949176764327,High,1,40,100,Immediate Maintenance,0.0,Critical,100,100.3647194879716,100.3647194879716,Critical
80.4025575582252,41.55359043299333,250.4937374338509,19,5.051396275855603,0.0649385956185468,8.291453767996275,77.02986160954902,Medium,0,70,60,Inspection within 30 Days,4.0,Monitor,60,201.40337142000143,120.84202285200087,Critical
74.8803343019708,79.65665266268496,144.1334594335675,15,9.454095211057869,0.1263329111526212,4.777218024074995,80.62253597011974,Medium,0,70,60,Inspection within 30 Days,4.0,Monitor,60,107.92761626485084,64.7565697589105,High
78.576391112697,27.497712682551125,72.49056289685544,9,5.842553774179713,0.2848608591441925,6.325653758849697,83.76390417016859,High,0,40,80,Immediate Maintenance,2.0,Critical,80,56.96046822162874,45.56837457730299,Medium
67.99071103433172,83.61452948880253,429.6423488233207,10,11.82652605044199,0.1250112665720356,6.938756244998272,18.36223103005554,Low,0,90,30,Normal Operation,7.0,Monitor,30,292.1168878695795,87.63506636087385,Critical
47.62593412348669,54.99603520060772,491.5366381238521,31,7.356228511916484,0.0462123223027175,5.523490163248852,20.299776230057045,Medium,0,70,60,Inspection within 30 Days,4.0,Monitor,60,234.09891546566692,140.45934927940016,Critical
54.19871954527436,66.41809599253823,406.9142932985328,23,14.435741440351771,0.162379086645032,6.128307117515921,54.56054450505029,Medium,0,70,60,Inspection within 30 Days,4.0,Monitor,60,220.5423366145069,132.32540196870414,Critical
42.7118401760998,67.85800494337587,434.2032147671002,30,13.712516273986529,0.041752382040794,7.210726164470794,81.51781347395433,Medium,0,70,60,Inspection within 30 Days,4.0,Monitor,60,185.4561831308112,111.27370987848673,Critical
93.59153929335396,83.18265314592486,158.88970864267043,33,7.894408949682083,0.0688274392310809,5.406936907593446,87.94795652192246,High,0,40,80,Immediate Maintenance,2.0,Critical,80,148.70732409740052,118.9658592779204,Critical
70.83742563362844,66.38352934086848,482.2821389809399,9,12.832154546566787,0.2995124394055774,6.90792541189781,13.700953387199997,Medium,0,70,60,Inspection within 30 Days,4.0,Monitor,60,341.63625154489586,204.98175092693754,Critical
58.05959917345479,64.90568300940402,138.6165670040428,1,13.032449046648065,0.1669951651348782,7.289791312657224,38.46192673605281,Low,0,90,30,Normal Operation,7.0,Monitor,30,80.48022319055065,24.144066957165197,Low
62.340406255089285,29.332382636444848,478.1434146628245,35,14.865631141144105,0.0923769328217244,4.861985244383467,27.03154037279948,Medium,0,70,60,Inspection within 30 Days,4.0,Monitor,60,298.076547182761,178.84592830965659,Critical
96.30983377282708,58.69652142643827,497.668682284678,11,10.97839986845685,0.2984847368264327,6.490117264109811,70.47726791449985,High,1,40,100,Immediate Maintenance,0.0,Critical,100,479.3038806477923,479.3038806477923,Critical
40.73459821812561,34.76098505310771,370.2752625857219,34,5.819657346436622,0.2903020863809915,5.552320119696763,61.21550948296256,High,0,40,80,Immediate Maintenance,2.0,Critical,80,150.83014051540343,120.66411241232274,Critical
71.0360882411758,72.93319496689656,491.5146793063199,16,11.46837228926381,0.1378143219144364,7.397545423992178,19.59104251870763,Medium,0,70,60,Inspection within 30 Days,4.0,Monitor,60,349.1528013103697,209.4916807862218,Critical
65.41220752191262,58.294424852823845,306.29290080519667,9,11.249797483760352,0.0855169015484934,5.258222034147762,48.68176538919772,Medium,0,70,60,Inspection within 30 Days,4.0,Monitor,60,200.35294789958124,120.21176873974875,Critical
72.80179648042534,69.21480564854296,166.79380242924066,32,11.383505774204318,0.253135895046735,8.068951662152426,64.8352417897033,High,0,40,80,Immediate Maintenance,2.0,Critical,80,121.42888458649853,97.14310766919881,Critical
31.26771286745884,27.70873853915498,246.6481485495294,15,8.071456481042116,0.2175300079218178,6.223765346073307,72.32043151392301,Medium,0,70,60,Inspection within 30 Days,4.0,Monitor,60,77.1212348813702,46.272740928822124,Medium
91.0486736260906,30.51148104297721,317.10242092045365,12,13.596795850803328,0.209213016151018,5.292012121230214,11.604216782720682,Medium,1,70,80,Immediate Maintenance,2.0,Critical,80,288.7175482842959,230.9740386274367,Critical
95.24827977385289,71.56102022407435,82.88670291215675,33,14.59472182955412,0.269002984983517,6.252087185401317,81.23756591871118,High,1,40,100,Immediate Maintenance,0.0,Critical,100,78.94815868509333,78.94815868509333,High
69.55932285124462,29.68548183991377,330.0544690777608,14,7.177125129781516,0.2099309688226841,6.134975051234111,55.54251063604195,Medium,0,70,60,Inspection within 30 Days,4.0,Monitor,60,229.58365373076097,137.75019223845658,Critical
78.76555767138245,29.63168730474181,491.5300265430325,8,5.881521581366444,0.0923014034820492,6.215675837974841,74.95272919679238,Medium,0,70,60,Inspection within 30 Days,4.0,Monitor,60,387.15636652891374,232.29381991734823,Critical
94.5749566824107,25.78705089026769,135.54844240267744,8,6.945350331684841,0.2112203169439623,6.842245173989788,74.63504240114267,High,1,40,100,Immediate Maintenance,0.0,Critical,100,128.1948806860146,128.1948806860146,Critical
79.5067044019379,87.1725908894662,406.6678023297725,27,13.205521392557188,0.0986859182722625,6.58469489965415,25.18821282167753,Medium,0,70,60,Inspection within 30 Days,4.0,Monitor,60,323.3281674961893,193.99690049771357,Critical
40.6777330039983,72.93804336483545,458.5544572008287,12,11.766446348198476,0.2301793041005285,5.099108526723611,18.81376962029065,Medium,0,70,60,Inspection within 30 Days,4.0,Monitor,60,186.52955777808677,111.91773466685207,Critical
70.34018521167692,47.96134155263417,474.6657167690994,1,11.360473423391266,0.1897268778025541,4.762316290586545,67.70298151790612,Medium,0,70,60,Inspection within 30 Days,4.0,Monitor,60,333.8807443117183,200.32844658703095,Critical
72.47005324679992,44.27481278369759,482.0610219824512,11,9.017931351094244,0.0324493500755776,7.417661794906162,22.514153505729524,Low,0,90,30,Normal Operation,7.0,Monitor,30,349.34987931275026,104.80496379382508,Critical
59.68914699116702,47.73070993348022,284.6568374246624,39,10.778279715114358,0.1587222551061912,6.738869743713254,77.9949993123779,High,0,40,80,Immediate Maintenance,2.0,Critical,80,169.90923811081407,135.92739048865124,Critical
81.5510964937306,75.35247952677682,489.78855859617664,31,8.078741252743674,0.1095572810667648,5.936003072317055,68.09515870896841,High,0,40,80,Immediate Maintenance,2.0,Critical,80,399.4279400360202,319.54235202881614,Critical
95.40569103383103,67.98908971957694,390.7895932104975,17,9.772000794179611,0.1052854834923653,7.733431289992295,77.34602914922101,Medium,0,70,60,Inspection within 30 Days,4.0,Monitor,60,372.8355118907724,223.70130713446346,Critical
94.78979590347434,37.037711911385415,122.75214630663284,33,12.93063028370656,0.1846543276894046,6.052233897043828,33.921014368747684,High,0,40,80,Immediate Maintenance,2.0,Critical,80,116.35650895119149,93.08520716095319,Critical
61.55875599828924,36.31710679671548,264.6050479105865,32,14.812415974554622,0.1034741990961332,7.6838603584024305,35.32784483284552,Medium,0,70,60,Inspection within 30 Days,4.0,Monitor,60,162.8875758024343,97.73254548146059,Critical
37.92666320885287,31.395717231370824,373.2490289174018,29,14.324889235898018,0.235299186979413,5.723024510049498,63.69772450770541,High,0,40,80,Immediate Maintenance,2.0,Critical,80,141.56090212781683,113.24872170225346,Critical
98.93888392736342,67.91967678058697,161.30314211858752,21,14.338659428462488,0.0305295164432405,4.791381190180799,12.515676404715803,Low,0,90,30,Normal Operation,7.0,Monitor,30,159.59152855189936,47.8774585655698,Medium
88.72286605121539,74.68422304441285,338.2768325969993,21,9.022237348471124,0.2015125931947893,8.230558775199716,68.11973970699381,High,1,40,100,Immediate Maintenance,0.0,Critical,100,300.1289010673298,300.1289010673298,Critical
38.72638768422868,42.22801784112527,349.97021557097867,23,9.68789880506791,0.2446664930604549,6.078204517125492,76.8626456683681,High,0,40,80,Immediate Maintenance,2.0,Critical,80,135.53082246134807,108.42465796907845,Critical
94.45893178321606,26.361422467009334,123.21488471385464,6,12.056353963689816,0.2051211900769247,7.670770291397511,43.21308692832832,Medium,1,70,80,Immediate Maintenance,2.0,Critical,80,116.38746389862828,93.10997111890264,Critical
90.89274534434898,30.341158385967777,304.2883906037404,22,14.221919280512845,0.1541964665557987,5.616576532889217,71.19030640707749,Medium,0,70,60,Inspection within 30 Days,4.0,Monitor,60,276.5760719838757,165.94564319032543,Critical
66.31866399882504,87.91090226492699,397.2321099403735,38,6.419942593520847,0.2855890339834925,7.085460448494624,23.96887335858096,High,0,40,80,Immediate Maintenance,2.0,Critical,80,263.4390282867996,210.7512226294397,Critical
71.38928050214506,44.20391053603232,274.5030490411739,37,8.042418638271958,0.0969821620414384,7.9932434930309135,35.78083150555877,Medium,0,70,60,Inspection within 30 Days,4.0,Monitor,60,195.9657516669444,117.57945100016664,Critical
57.93018927090912,74.99950460947869,55.44640254924834,8,6.392468445941095,0.0155586873822435,4.666576089359921,87.9443970488382,Medium,0,70,60,Inspection within 30 Days,4.0,Monitor,60,32.12020594068974,19.272123564413846,Low
33.833314717542194,65.60313197552715,54.06731108568148,35,11.120085299594551,0.1352769177243978,7.822543058744356,88.9062538848101,Medium,0,70,60,Inspection within 30 Days,4.0,Monitor,60,18.2927635189312,10.975658111358719,Low
53.46380691521307,49.82607657743823,210.66320478650547,11,8.063009968875376,0.0195734614110949,6.785332019887715,51.00840424172704,Low,0,90,30,Normal Operation,7.0,Monitor,30,112.6285690484572,33.78857071453716,Medium
86.19974140186079,38.36967204271108,466.7873307943019,24,8.261078525125734,0.2866416582326585,6.929887015634277,84.74158331711016,High,1,40,100,Immediate Maintenance,0.0,Critical,100,402.3694720413368,402.3694720413368,Critical
30.3242416103222,32.890117180361415,152.90455082162396,21,5.709159594879792,0.0708762332669349,6.5926320032239305,51.81845424454836,Medium,0,70,60,Inspection within 30 Days,4.0,Monitor,60,46.36714542432715,27.820287254596288,Low
53.344942018380095,64.97584292252634,335.46365999225924,2,8.497960618075918,0.238788836945175,7.99790041313457,33.32705025289258,Medium,0,70,60,Inspection within 30 Days,4.0,Monitor,60,178.95289491560644,107.37173694936386,Critical
57.87180855136603,75.35119574145622,149.93414181199427,19,13.624965074015854,0.2346259041205658,4.673733428942549,31.35194304790175,Medium,0,70,60,Inspection within 30 Days,4.0,Monitor,60,86.76959950257097,52.06175970154258,Medium
67.6176922056546,66.8537764801735,194.75149534679687,39,7.330728118908349,0.0731413809080507,5.544113566143393,84.3604564294519,High,0,40,80,Immediate Maintenance,2.0,Critical,80,131.68646668950686,105.3491733516055,Critical
94.38989314889324,59.46963866119529,431.6189403206678,28,11.951874662100655,0.1901556938392485,8.003050155436622,23.79571111790873,Medium,0,70,60,Inspection within 30 Days,4.0,Monitor,60,407.4046565790636,244.4427939474382,Critical
54.24421960561729,27.72682952305636,377.9876490214761,17,11.296283449385928,0.0239429008610705,7.509382810127824,56.37059665614545,Low,0,90,30,Normal Operation,7.0,Monitor,30,205.0364504173194,61.51093512519582,High
54.28672413273594,87.95177054363495,92.92967479094476,6,13.634846083691151,0.1502366298541215,4.570580640714423,54.44200544501757,Medium,0,70,60,Inspection within 30 Days,4.0,Monitor,60,50.44847619120884,30.269085714725307,Medium
81.62508736768238,76.91642245754736,242.91590944389512,19,6.322879476510383,0.0142476669090211,6.568025132838835,69.1697347722396,Medium,0,70,60,Inspection within 30 Days,4.0,Monitor,60,198.2803233135796,118.96819398814776,Critical
61.6552558622865,44.03343238556271,63.12639364036901,38,14.775899603450432,0.2771317252524441,6.618290722850699,49.93943260198198,High,0,40,80,Immediate Maintenance,2.0,Critical,80,38.92073951560367,31.136591612482935,Medium
45.722337605798735,88.69807140832529,266.400565971354,28,10.826286460403656,0.2930649470178758,6.1035285405116415,31.78285285665073,High,0,40,80,Immediate Maintenance,2.0,Critical,80,121.80456615718109,97.44365292574486,Critical
61.67076612928854,64.12230332636094,348.09530526548065,2,14.954741523468144,0.0744620023251897,5.689573328247959,23.551719970526285,Low,0,90,30,Normal Operation,7.0,Monitor,30,214.6730416173076,64.40191248519228,High
39.85999142658599,62.85747278347103,103.3261806191682,38,14.115147258658508,0.0703507500329481,7.226899401649368,59.66550428047135,Medium,0,70,60,Inspection within 30 Days,4.0,Monitor,60,41.1858067362192,24.71148404173152,Low
42.34708905543563,73.6247566629196,179.99822250912456,37,7.215172721131058,0.2285788512030176,5.331161858819016,67.51926054825864,High,0,40,80,Immediate Maintenance,2.0,Critical,80,76.22400758414017,60.979206067312134,High
64.88574409176358,77.76503622585895,229.02648147597063,4,5.561620099033132,0.0834800256605069,7.695794248286824,55.56170229456261,Medium,0,70,60,Inspection within 30 Days,4.0,Monitor,60,148.60553667286865,89.16332200372119,Critical
59.32478146531835,67.67110947654767,463.7889610952224,22,7.556390937953616,0.269572202156935,7.712148643069887,69.06810216969558,High,0,40,80,Immediate Maintenance,2.0,Critical,80,275.14178763001104,220.11343010400884,Critical
94.039213074767,33.326223513803,496.9647569403338,26,10.2756364899942,0.1764394494756648,6.161045750291282,21.32169619599681,Medium,0,70,60,Inspection within 30 Days,4.0,Monitor,60,467.3417466856185,280.4050480113711,Critical
55.36757293816432,46.98738788964239,70.21008454802714,36,6.7159636706519,0.1117255106729905,5.63419204363859,80.59761559545083,High,0,40,80,Immediate Maintenance,2.0,Critical,80,38.87361977207577,31.098895817660615,Medium
70.64118451946304,85.32543662119323,392.4535655729264,13,6.674597445179885,0.2514811864413317,5.635512726362853,56.59164067268024,High,0,40,80,Immediate Maintenance,2.0,Critical,80,277.23384740958284,221.78707792766625,Critical
74.25850015436713,39.600014769850375,217.27582988105445,32,9.62593547105153,0.1530879431198846,6.42916529598484,20.147514151407773,Medium,0,70,60,Inspection within 30 Days,4.0,Monitor,60,161.34577246762527,96.80746348057515,Critical
30.91661196118336,49.190856549438365,226.606183803266,17,5.332679711693585,0.2743735449754579,7.378316898997435,46.9540163364588,High,0,40,80,Immediate Maintenance,2.0,Critical,80,70.05895452650168,56.04716362120134,Medium
76.44761604116974,53.08499739137274,389.4192380061602,36,6.218880825322705,0.2791241286515205,5.935474763975435,77.58333902927292,High,0,40,80,Immediate Maintenance,2.0,Critical,80,297.70172386139825,238.1613790891186,Critical
42.4625176808826,53.56132433013939,463.2918944654338,19,9.158613394079476,0.0579718441172387,6.940173381831006,81.8049754762528,Medium,0,70,60,Inspection within 30 Days,4.0,Monitor,60,196.7254026014808,118.03524156088848,Critical
97.27492222286186,64.84107286214416,477.9178675261468,35,5.631299092079665,0.0106737877782597,6.029937842330377,31.17196039990092,Medium,0,70,60,Inspection within 30 Days,4.0,Monitor,60,464.8942339252192,278.93654035513157,Critical
40.40639094271791,86.299929453406,309.7051637172444,28,8.967550564555292,0.2953399726412966,5.718092756605533,66.90126597683624,High,0,40,80,Immediate Maintenance,2.0,Critical,80,125.14067922137431,100.11254337709944,Critical
59.02368866089167,40.64502626911282,210.70452168522627,1,9.740062659484453,0.272779885476969,4.599438063663177,17.998819798702137,Medium,0,70,60,Inspection within 30 Days,4.0,Monitor,60,124.36558087390893,74.61934852434536,High
35.974476765505074,32.89758945955968,404.3970886364507,18,9.512666140731143,0.026079118354114,4.5156564229415626,12.683669712972623,Low,0,90,30,Normal Operation,7.0,Monitor,30,145.4797366918989,43.64392100756967,Medium
99.78119762921632,37.83558184089593,162.95062246803514,33,13.691748574030871,0.2515799365429103,5.408830711328018,54.83191630559542,High,1,40,100,Immediate Maintenance,0.0,Critical,100,162.5940826428683,162.5940826428683,Critical
65.15365072318698,82.65011851360252,303.833312975083,12,10.300624550517323,0.1427634304421699,6.125625147203982,65.58620634625007,Medium,0,70,60,Inspection within 30 Days,4.0,Monitor,60,197.9584955164732,118.77509730988392,Critical
71.67695121240307,66.97770282258838,211.36030768619293,8,9.679804624780434,0.0850988654572428,7.905044669448241,73.66293849412017,Medium,0,70,60,Inspection within 30 Days,4.0,Monitor,60,151.4966246226175,90.8979747735705,Critical
34.69535341718992,43.583941300545405,345.4839831685442,24,9.107092453916662,0.2648364918663096,7.693936971721701,37.21729907642677,Medium,0,70,60,Inspection within 30 Days,4.0,Monitor,60,119.86688896011135,71.92013337606681,High
82.49723292794245,78.03655103296012,158.17951080207808,16,13.17623378304486,0.0670334973931891,5.56866105035196,10.52203283431096,Low,0,90,30,Normal Operation,7.0,Monitor,30,130.49371947067024,39.148115841201076,Medium
44.693391516691,80.98904976362334,136.21682558067158,4,13.950566039998332,0.2847169998318194,5.478161771937197,48.36153896890831,Medium,0,70,60,Inspection within 30 Days,4.0,Monitor,60,60.87991916837765,36.527951501026585,Medium
92.86380026084996,80.02343201486806,463.2075890039467,38,13.532424691971176,0.0696302314328089,5.40928828428011,11.268283629885358,Medium,0,70,60,Inspection within 30 Days,4.0,Monitor,60,430.1521702457238,258.0913021474343,Critical
44.3597748337405,84.73022468657103,95.8116573272916,27,11.73546578131391,0.1879681244413356,5.8569493621154685,17.358760853663995,Medium,0,70,60,Inspection within 30 Days,4.0,Monitor,60,42.50183545486159,25.501101272916955,Low
43.34814044645666,41.3956663112685,277.68105848071923,9,6.373617459686742,0.0746950370134027,6.492794878246741,36.13512180253987,Low,0,90,30,Normal Operation,7.0,Monitor,30,120.36957522342962,36.110872567028885,Medium
32.55847674936664,74.07772536850808,149.383752333354,16,7.768699694920123,0.168243912840904,6.254671088126302,44.973763964814175,Medium,0,70,60,Inspection within 30 Days,4.0,Monitor,60,48.63707427078651,29.182244562471904,Low
63.04468615769995,54.9350673228191,67.51848349655035,12,5.460630636819774,0.2083527876753909,5.373092795125976,32.357555298371885,Medium,0,70,60,Inspection within 30 Days,4.0,Monitor,60,42.5668160188386,25.54008961130316,Low
69.53887932838315,79.729905937854,66.20846823114188,31,14.308240749901142,0.0651660999378398,5.021805639774472,56.549221320376624,Medium,0,70,60,Inspection within 30 Days,4.0,Monitor,60,46.04062682842464,27.62437609705479,Low
34.599604759984665,72.35189401550485,128.8497974476223,24,11.607985296909105,0.1610568769831969,4.550311249944782,14.427983137447615,Medium,0,70,60,Inspection within 30 Days,4.0,Monitor,60,44.58152065091813,26.748912390550878,Low
84.28693316865073,75.4690840224821,440.0466595277001,14,12.463628843132415,0.1460273258731345,5.115852954666016,21.566376819166777,Medium,0,70,60,Inspection within 30 Days,4.0,Monitor,60,370.9018338269927,222.54110029619562,Critical
61.73021843236194,67.65051944926964,177.115434789662,25,8.11571739582229,0.0306008522069689,7.321425480776472,65.62067206043469,Medium,0,70,60,Inspection within 30 Days,4.0,Monitor,60,109.33374477308593,65.60024686385155,High
66.7073188529306,36.53287001553095,477.7066267588831,34,13.456535222773423,0.2473092671258378,5.474554277382332,21.371268287833416,High,0,40,80,Immediate Maintenance,2.0,Critical,80,318.6652826936272,254.93222615490177,Critical
60.853392285675966,60.42674972830099,311.7300318451371,3,7.596032837084785,0.107347896186424,6.37440724048604,61.182016125633794,Medium,0,70,60,Inspection within 30 Days,4.0,Monitor,60,189.69829915098387,113.81897949059032,Critical
58.05341426127282,89.00353306909304,246.4763853959448,24,5.016437571124497,0.176628837290045,6.865204595692979,14.374769660269244,Medium,0,70,60,Inspection within 30 Days,4.0,Monitor,60,143.08795707011916,85.8527742420715,Critical
69.17482319157526,85.93022432231274,311.0399756012546,9,8.76414962520694,0.1592874281306089,8.047363611326428,42.59058232953123,Medium,0,70,60,Inspection within 30 Days,4.0,Monitor,60,215.16135317728668,129.096811906372,Critical
40.86681721514988,27.80629282680576,282.5142733518205,26,10.707614809590734,0.1588455463254282,8.055420393573678,24.19275760969459,Medium,0,70,60,Inspection within 30 Days,4.0,Monitor,60,115.45459169739738,69.27275501843843,High
42.73496913466898,35.71296302241341,391.4493141907963,20,9.787048579655226,0.0410944943204613,7.482934934725436,18.77090260281492,Low,0,90,30,Normal Operation,7.0,Monitor,30,167.28574359731022,50.18572307919307,Medium
90.3249934709462,33.562370274546524,177.12322968778352,10,13.62076142576597,0.1328097826823065,4.640627968194005,55.362622680098205,Medium,0,70,60,Inspection within 30 Days,4.0,Monitor,60,159.9865456510195,95.99192739061169,Critical
96.2280823493543,72.18869414904421,208.87267622013607,19,6.054052859561669,0.1411863601699053,6.80028167634166,84.26686176044974,High,0,40,80,Immediate Maintenance,2.0,Critical,80,200.9941708784127,160.79533670273014,Critical
56.13165213958271,78.15604644070143,452.3424361399629,3,10.538234406337256,0.22275642370569,7.646333883326026,14.382963833883906,Medium,0,70,60,Inspection within 30 Days,4.0,Monitor,60,253.90728273379807,152.34436964027884,Critical
48.952127120048765,38.87823881019367,475.90543091768245,24,10.129793498209075,0.2536054612570025,4.569152179053453,43.724339857442736,High,0,40,80,Immediate Maintenance,2.0,Critical,80,232.9658315140398,186.37266521123183,Critical
75.07996802673111,57.88042504186888,451.6512023689135,5,7.81392982172163,0.1680448606490052,6.698738454626313,66.60283501963549,Medium,0,70,60,Inspection within 30 Days,4.0,Monitor,60,339.0995783309269,203.4597469985561,Critical
58.61139197686675,79.645696820728,238.75159728079112,3,13.222281125770106,0.0351670566788472,7.931056583144118,47.01502653502616,Low,0,90,30,Normal Operation,7.0,Monitor,30,139.9356345332748,41.98069035998244,Medium
31.77704489622414,72.6321004098063,401.1644763530968,27,12.528486558822063,0.0786863464729984,6.396408303369068,74.51967568841962,Medium,0,70,60,Inspection within 30 Days,4.0,Monitor,60,127.47821575842605,76.48692945505563,High
40.93068181563332,60.24541835697014,264.3510799854945,16,12.32859187331831,0.057830867787292,4.516424811589793,24.371625269130533,Low,0,90,30,Normal Operation,7.0,Monitor,30,108.20069942505307,32.460209827515925,Medium
80.11805601931783,63.37259987982024,273.89293346574595,15,13.76192478269556,0.0461383683248461,4.54405343334243,86.76753640221924,Medium,0,70,60,Inspection within 30 Days,4.0,Monitor,60,219.4376938670393,131.66261632022358,Critical
76.12467593371059,58.0434355495582,142.10604907577778,35,12.227846006215213,0.1161107965991641,6.166544149655002,40.81301022180324,Medium,0,70,60,Inspection within 30 Days,4.0,Monitor,60,108.17776934113556,64.90666160468135,High
31.896719475243845,44.34064933572334,316.0086364663324,12,7.318412917147264,0.0765241156247707,5.120034669667018,37.32557063554201,Low,0,90,30,Normal Operation,7.0,Monitor,30,100.79638829120915,30.238916487362747,Medium
45.53805133530646,61.72642953583605,133.76115398900657,26,12.055627116496913,0.0733079024253385,7.157802628373038,79.96846356025327,Medium,0,70,60,Inspection within 30 Days,4.0,Monitor,60,60.91222297021214,36.54733378212728,Medium
46.175235761165,69.7775446332559,199.2041145802372,34,8.077028133898438,0.0258610206271176,7.335197059624615,55.10936255134133,Medium,0,70,60,Inspection within 30 Days,4.0,Monitor,60,91.98296955336578,55.18978173201946,Medium
77.03249205191099,81.76598953095251,434.7635907289708,23,7.421746503474705,0.0151243129906758,5.211519181842514,51.31554735222572,Medium,0,70,60,Inspection within 30 Days,4.0,Monitor,60,334.9092284728973,200.94553708373837,Critical
31.37973764280549,66.35893800865112,143.18411414488486,31,5.730035928996273,0.0398027903684367,8.05413315409794,68.15823356227448,Medium,0,70,60,Inspection within 30 Days,4.0,Monitor,60,44.93079936484001,26.958479618904008,Low
37.28760073892017,74.47289990780527,82.02122832804477,20,12.440285803476767,0.0599372690328535,6.267631379915704,56.38673906248723,Low,0,90,30,Normal Operation,7.0,Monitor,30,30.58374814011942,9.175124442035825,Low
85.99412597612326,35.40465627204725,81.05341667576734,12,12.110009619498111,0.1349852813659789,5.071383630367695,23.001251580569225,Medium,0,70,60,Inspection within 30 Days,4.0,Monitor,60,69.70117724411146,41.82070634646688,Medium
42.49812634380335,55.001235837286345,473.35303422639856,23,7.344994776740937,0.1580508757766649,7.557006392277582,63.935809829194376,Medium,0,70,60,Inspection within 30 Days,4.0,Monitor,60,201.1661705377616,120.69970232265696,Critical
75.69222754963123,25.606555288761065,278.1141970828256,4,12.49379016724156,0.050771656270276,7.659898000067091,20.67751034257028,Low,0,90,30,Normal Operation,7.0,Monitor,30,210.5108309037622,63.15324927112866,High
46.67279467327086,41.03412619390549,234.23543231765825,23,14.178408830935531,0.133187169042014,7.05718189066183,74.46861642672496,Medium,0,70,60,Inspection within 30 Days,4.0,Monitor,60,109.32422237766896,65.59453342660137,High
36.96089749315416,72.22001148234531,414.8953614535633,1,6.080289574915793,0.1091071642745189,7.913862212810212,89.17892781698168,Medium,0,70,60,Inspection within 30 Days,4.0,Monitor,60,153.34904925070296,92.00942955042177,Critical
47.02205336996178,89.46764683770863,426.1216675597322,25,7.326366383867749,0.0631928566144072,7.449491888122685,40.19100999798211,Medium,0,70,60,Inspection within 30 Days,4.0,Monitor,60,200.3711579409084,120.22269476454505,Critical
80.55868522989614,31.446576473169035,199.4859649020221,2,12.502607940873157,0.0119838169630254,8.028822948907962,45.580471856161004,Low,0,90,30,Normal Operation,7.0,Monitor,30,160.70327054324108,48.210981162972324,Medium
89.89875276744,51.09713053098373,362.1281258632079,30,7.7450667350707825,0.1454351812913051,6.235552193941918,13.714692438624985,Medium,0,70,60,Inspection within 30 Days,4.0,Monitor,60,325.5486685711292,195.32920114267753,Critical
88.11539051968941,77.00461296544538,397.005267133349,3,11.246639742837168,0.2088390072869078,7.49038851239777,11.098655046606265,Medium,1,70,80,Immediate Maintenance,2.0,Critical,80,349.82274151828665,279.8581932146293,Critical
57.80284707329184,38.26231625087843,344.5928090896795,21,5.811642244637145,0.075620426901704,8.499006253716178,83.71354679010621,Medium,0,70,60,Inspection within 30 Days,4.0,Monitor,60,199.18445446366795,119.51067267820078,Critical
76.76595955994523,61.0805217046486,118.21778366004472,25,9.522024791035388,0.048223980670037,7.399724790078476,20.289924835135366,Medium,0,70,60,Inspection within 30 Days,4.0,Monitor,60,90.75101599713348,54.45060959828009,Medium
44.348900679107466,72.64963424192887,444.14738758267566,20,12.390914219929533,0.2672423958896189,4.956735120948529,45.66229980475762,High,0,40,80,Immediate Maintenance,2.0,Critical,80,196.97448378789133,157.57958703031306,Critical
50.52034111827093,65.03905426691163,292.5925487312039,22,11.865139430432524,0.0897571840214613,6.573274889716732,75.22836990844492,Medium,0,70,60,Inspection within 30 Days,4.0,Monitor,60,147.8187537056473,88.69125222338839,Critical
92.74350729647838,37.22160775000205,177.11259186650165,21,13.150721006758069,0.0748476597398727,6.849391164972111,81.14550079426556,Medium,0,70,60,Inspection within 30 Days,4.0,Monitor,60,164.26042956069094,98.55625773641455,Critical
30.910134645751523,48.099996964573066,241.35268344696223,33,13.77452126603169,0.2585581124868755,5.196842700285564,51.55181482267741,High,0,40,80,Immediate Maintenance,2.0,Critical,80,74.60243942459047,59.681951539672376,Medium
35.98559715981277,75.94646599155081,66.90699067950833,38,12.731835012587585,0.2469610587583607,8.35156653671215,55.202601998075984,High,0,40,80,Immediate Maintenance,2.0,Critical,80,24.076880137681343,19.261504110145076,Low
44.55203786022192,61.02472341858108,107.5400605500879,15,11.71587742938926,0.1400204764521437,5.202319110538465,63.5747177970618,Medium,0,70,60,Inspection within 30 Days,4.0,Monitor,60,47.91128849118074,28.746773094708445,Low
31.85725427116738,25.339924880289328,394.4960377321374,15,5.317224918160312,0.1518792698140546,5.210231678852891,86.91059761149722,Medium,0,70,60,Inspection within 30 Days,4.0,Monitor,60,125.67560583000744,75.40536349800446,High
42.70048045628581,74.4643994018261,50.005235639914765,25,10.34966673409444,0.0731471244018663,8.160668551898219,58.213596875560405,Medium,0,70,60,Inspection within 30 Days,4.0,Monitor,60,21.35247587154147,12.811485522924881,Low
70.81290926787845,27.29523807111554,237.4546228170315,21,5.376977249148528,0.0327074844390716,6.360821732486684,54.7580207565077,Medium,0,70,60,Inspection within 30 Days,4.0,Monitor,60,168.1485266078075,100.88911596468449,Critical
59.499718541474856,73.47269587753009,285.1295814885148,24,13.080678171160226,0.1762952293531417,4.752753117098065,11.162730821279254,Medium,0,70,60,Inspection within 30 Days,4.0,Monitor,60,169.65129846415152,101.79077907849093,Critical
92.48701977538823,38.16123641074043,74.58548900043753,5,8.207245244599576,0.0385200272611618,6.892749999754114,16.475976161788488,Low,0,90,30,Normal Operation,7.0,Monitor,30,68.98189596140467,20.694568788421403,Low
87.22104932169086,87.27477620775971,487.88517333754976,6,10.624293741179208,0.1402896186174284,6.907305394532191,56.1737301299197,Medium,0,70,60,Inspection within 30 Days,4.0,Monitor,60,425.5385676699612,255.3231406019767,Critical
53.92721461885132,48.91614883463549,151.7563990623524,23,7.794453073189026,0.2827441875687731,4.758003034746247,84.89923102457625,High,0,40,80,Immediate Maintenance,2.0,Critical,80,81.83799902019524,65.4703992161562,High
48.15964034019048,46.25055506197514,186.8894238363264,4,12.825001443802936,0.2863219728594695,8.390089982534647,79.3353078719516,Medium,0,70,60,Inspection within 30 Days,4.0,Monitor,60,90.005274353429,54.0031646120574,Medium
56.57846857170868,34.677723271608905,186.7741305147623,27,13.865025266419025,0.0794063630987339,6.676119861178302,88.60631383937637,Medium,0,70,60,Inspection within 30 Days,4.0,Monitor,60,105.67394273337696,63.40436564002618,High
71.32064597603654,44.864274006863965,153.68749795280746,18,8.98642494213064,0.1909928918132397,6.739182888719057,52.22672300490192,Medium,0,70,60,Inspection within 30 Days,4.0,Monitor,60,109.6109163243502,65.76654979461011,High
48.764454857601336,81.98229951883303,50.663219938840136,21,13.62922393510989,0.1474821165912787,6.580461658009578,73.03447507502135,Medium,0,70,60,Inspection within 30 Days,4.0,Monitor,60,24.705643016482977,14.823385809889787,Low
73.69042354943937,89.76173194577107,378.2051573395984,28,7.670750074563324,0.2639486869999707,6.94292711857848,77.23202651914724,High,0,40,80,Immediate Maintenance,2.0,Critical,80,278.70098232937363,222.9607858634989,Critical
58.65881565338683,48.94011948294514,485.0804749096784,35,10.346609230755238,0.0887149506400554,5.55719901109502,61.84253258646894,Medium,0,70,60,Inspection within 30 Days,4.0,Monitor,60,284.54246154784164,170.725476928705,Critical
68.64330265963861,54.15969101204527,150.93206747827026,22,13.58761429838704,0.0110736979814008,5.648965391899363,37.09999233716058,Low,0,90,30,Normal Operation,7.0,Monitor,30,103.60475588955902,31.081426766867704,Medium
60.52885703947217,71.9346109831779,348.3712363115401,23,8.258813426157904,0.0571427497201103,6.545356359184531,47.598274772623554,Medium,0,70,60,Inspection within 30 Days,4.0,Monitor,60,210.86512759365385,126.5190765561923,Critical
50.61260316793424,82.60272573022985,383.8533471314218,3,14.540422650780858,0.1113616123391254,7.726743419054318,78.63336577948542,Low,0,90,30,Normal Operation,7.0,Monitor,30,194.2781713304596,58.28345139913788,Medium
96.39173148735097,63.54788172214097,431.79142059073615,10,6.218795017813836,0.1015591276334416,4.699458305976716,33.88383407857312,Medium,0,70,60,Inspection within 30 Days,4.0,Monitor,60,416.2112267212407,249.7267360327444,Critical
83.45240559118326,50.44917038155891,240.1831386561241,25,5.182750697235062,0.2394952465456369,6.913616848880984,83.89945050133188,High,1,40,100,Immediate Maintenance,0.0,Critical,100,200.43860703294277,200.43860703294277,Critical
39.80792230365168,51.82041965516054,186.3189075381932,8,14.041353525781906,0.2073625931802629,7.727112570025255,28.38450731381321,Medium,0,70,60,Inspection within 30 Days,4.0,Monitor,60,74.16968594981655,44.50181156988993,Medium
90.79275831285388,70.21517952229244,196.382810310364,11,5.686486661478723,0.0968713326883202,5.127669088148909,69.96131321254245,Medium,0,70,60,Inspection within 30 Days,4.0,Monitor,60,178.30137033307906,106.98082219984744,Critical
64.12018387746596,25.20918713427812,370.6795998943308,5,14.918891959474918,0.1427457069782018,4.560090167922265,60.444738747659066,Medium,0,70,60,Inspection within 30 Days,4.0,Monitor,60,237.68044104850003,142.6082646291,Critical
92.6186558825864,65.27330693488965,417.5507599275362,37,14.51396861979106,0.0377121401479172,5.750853180565832,69.96795528966098,Medium,0,70,60,Inspection within 30 Days,4.0,Monitor,60,386.7299014724092,232.03794088344551,Critical
85.98986791631206,48.10704567868823,131.72628549047118,38,6.370209100363207,0.2704624689978292,6.852574826918392,44.98780579460758,High,1,40,100,Immediate Maintenance,0.0,Critical,100,113.2712589043203,113.2712589043203,Critical
59.764945312846336,76.62282653301048,216.92345367099435,29,10.37584625692566,0.2812731990900748,5.053132693618991,84.61128500431877,High,0,40,80,Immediate Maintenance,2.0,Critical,80,129.64418345720733,103.71534676576586,Critical
31.57285158240822,31.04439158850359,455.8730885371175,5,6.849202974671443,0.294143025260472,6.204489483889942,60.59777619291819,High,0,40,80,Immediate Maintenance,2.0,Critical,80,143.93213364796452,115.14570691837162,Critical
48.80741515694623,63.233147351645385,413.0120838626327,9,9.2815517303012,0.2618803209278929,6.709285989497111,33.063664364340504,Medium,0,70,60,Inspection within 30 Days,4.0,Monitor,60,201.5805224191901,120.94831345151405,Critical
67.91439502626068,56.263237842598045,493.1862812431141,2,5.614251292598327,0.0604486574319054,6.895532379029269,61.076405652171495,Medium,0,70,60,Inspection within 30 Days,4.0,Monitor,60,334.9444792587735,200.96668755526412,Critical
74.34347538783031,66.75115918383977,389.4117168569363,1,7.239245877965895,0.0233969801284723,5.597646884001501,32.945259776562494,Low,0,90,30,Normal Operation,7.0,Monitor,30,289.5022038788639,86.85066116365917,Critical
48.05213798032416,29.215483641392943,226.93784046256505,30,8.632727963988994,0.1780830509496754,6.1001185439451655,33.49059134078993,Medium,0,70,60,Inspection within 30 Days,4.0,Monitor,60,109.04848422863968,65.42909053718381,High
39.75492518509769,62.698946182828536,315.787025297587,11,9.386475002460548,0.274655457796102,7.613356916270234,41.96788092966944,Medium,0,70,60,Inspection within 30 Days,4.0,Monitor,60,125.5408956513012,75.32453739078072,High
88.44511657595095,61.49649821736904,347.45641441129413,28,14.774962582088932,0.0614318948813254,8.264858776482741,78.19443340552952,Medium,0,70,60,Inspection within 30 Days,4.0,Monitor,60,307.30823077668833,184.384938466013,Critical
98.90815264924863,61.44290613705111,85.30511734270578,12,13.078656456839813,0.0120424452410011,7.947521324473029,50.02382995151936,Low,0,90,30,Normal Operation,7.0,Monitor,30,84.3737156789441,25.31211470368323,Low
66.79831276118801,64.22669832876957,295.0236315967393,39,12.374099443119462,0.2435938533493508,6.757134006933727,64.3120673784166,High,0,40,80,Immediate Maintenance,2.0,Critical,80,197.070808153405,157.656646522724,Critical
42.017550009381246,68.97041591971355,369.1943728126743,26,10.370413147419743,0.0322707484431528,6.141171211775786,41.357419221957045,Low,0,90,30,Normal Operation,7.0,Monitor,30,155.12643022838688,46.53792906851606,Medium
49.06151285635583,77.32428497925002,125.29458680047718,13,13.399977606043434,0.1299747492539088,5.831826457485673,31.08843518455052,Low,0,90,30,Normal Operation,7.0,Monitor,30,61.471419811434025,18.441425943430207,Low
31.28734735832267,42.538346808333934,401.2842728415007,8,8.39322835655711,0.2068773277847476,4.999826264336072,86.3712128572985,Medium,0,70,60,Inspection within 30 Days,4.0,Monitor,60,125.5512043382396,75.33072260294377,High
94.00091645923492,78.62821166170403,312.69775123135025,28,12.08899112773316,0.0786712997822922,4.926204988864452,58.28649976984501,Medium,0,70,60,Inspection within 30 Days,4.0,Monitor,60,293.93875190488774,176.36325114293265,Critical
38.24257580230988,57.38661934712449,478.4998035639176,30,14.93783975378172,0.0343491433995507,7.25343049965463,84.71610708661746,Medium,0,70,60,Inspection within 30 Days,4.0,Monitor,60,182.99065009183505,109.79439005510103,Critical
70.35615328599775,30.008788143731525,69.09003419310126,9,8.146289089351988,0.2333061562521903,5.539177664684642,26.273040175865205,Medium,0,70,60,Inspection within 30 Days,4.0,Monitor,60,48.609090362246576,29.165454217347946,Low
49.18386544810442,28.805810400858647,169.39676189996015,39,11.740175348839674,0.192750774617242,5.518646745729788,21.75153311303462,Medium,0,70,60,Inspection within 30 Days,4.0,Monitor,60,83.31587544632221,49.989525267793326,Medium
68.79246017610554,46.72549071524395,320.6992456849208,31,13.443148641523823,0.2966622405011733,8.492780217911143,78.4658325699123,High,0,40,80,Immediate Maintenance,2.0,Critical,80,220.61690087287,176.49352069829598,Critical
75.59942718463049,76.01830351224538,183.4519604926688,21,14.158075833506722,0.1098493296627881,5.251703831495181,64.47337700938012,Medium,0,70,60,Inspection within 30 Days,4.0,Monitor,60,138.68863129143222,83.21317877485933,Critical
88.08192625950412,70.99926075815952,371.490873832059,34,12.179326909401018,0.0279110920241579,5.092239037955318,24.92627994029131,Medium,0,70,60,Inspection within 30 Days,4.0,Monitor,60,327.21631754954166,196.329790529725,Critical
44.44948902324222,76.25997270370641,391.55237713486895,31,7.836079234171363,0.2229615102472357,4.8947409110396825,31.54877605308302,High,0,40,80,Immediate Maintenance,2.0,Critical,80,174.04303089480757,139.23442471584605,Critical
30.76970800609364,58.622488668704605,96.1321838299135,25,8.262821515689465,0.1613026914674412,6.819221380667185,74.0531153220249,Medium,0,70,60,Inspection within 30 Days,4.0,Monitor,60,29.57959226434555,17.747755358607332,Low
39.58199410481651,53.61293486710689,281.2345088930455,12,5.207580321239642,0.0718291401028491,7.011455304008406,46.30948959967489,Medium,0,70,60,Inspection within 30 Days,4.0,Monitor,60,111.31822673075492,66.79093603845294,High
93.00130492936736,34.584414235908454,279.00075001597514,1,12.608859776715097,0.2367014068113802,5.960911705027527,63.64324052048727,Medium,1,70,80,Immediate Maintenance,2.0,Critical,80,259.474338277579,207.57947062206324,Critical
91.17230542937608,46.33252898460525,216.17634659699348,22,5.427396060619514,0.0690890908964836,6.641653342045871,35.46816177088087,Medium,0,70,60,Inspection within 30 Days,4.0,Monitor,60,197.0929589854776,118.25577539128655,Critical
71.81891715192158,53.211258801301895,469.8161881563525,37,13.646523546027456,0.0855918799015515,7.65359812377965,40.49839622199013,Medium,0,70,60,Inspection within 30 Days,4.0,Monitor,60,337.4168989383268,202.45013936299608,Critical
72.03618023035574,30.75902792917512,422.3778439429496,1,6.186606144745388,0.0368332807663485,7.772416673286994,89.2570046898484,Medium,0,70,60,Inspection within 30 Days,4.0,Monitor,60,304.26486491583387,182.55891894950034,Critical
76.55256721823788,39.33977692622873,363.74422185933656,1,6.718765121359242,0.1258353609189478,8.331648302862593,29.80936697397748,Low,0,90,30,Normal Operation,7.0,Monitor,30,278.45553994132496,83.53666198239749,Critical
42.27598950364147,63.88464411414302,371.4469860807489,21,9.765264708322372,0.1314894749418514,7.797071943691498,50.51651016292112,Medium,0,70,60,Inspection within 30 Days,4.0,Monitor,60,157.03288884709,94.21973330825399,Critical
94.0088362147472,72.81810242554734,257.7722647159036,15,12.378804151687424,0.1592229192010065,6.759365746869706,77.55218745524257,Medium,0,70,60,Inspection within 30 Days,4.0,Monitor,60,242.3287061438184,145.39722368629103,Critical
59.31393674244512,89.89258824054173,464.4475344934592,17,6.390022051990777,0.2155996374658954,5.218627863347384,29.13785709326864,Medium,0,70,60,Inspection within 30 Days,4.0,Monitor,60,275.4821168112964,165.28927008677783,Critical
56.81969697746482,85.65236653733125,362.5679422639784,22,9.400710750664985,0.2727692693173235,4.89905423081137,43.21710053474646,High,0,40,80,Immediate Maintenance,2.0,Critical,80,206.01000613182217,164.80800490545775,Critical
66.32423936979862,66.76673796978744,378.0414777451174,38,9.828512744101047,0.0499428886774645,4.718047559643437,59.20730298959906,Medium,0,70,60,Inspection within 30 Days,4.0,Monitor,60,250.7331346167956,150.43988077007737,Critical
33.28761767425385,52.38112346411468,437.7609067043053,35,7.122856416685913,0.0257609485211105,7.166103327141535,48.4950521180082,Medium,0,70,60,Inspection within 30 Days,4.0,Monitor,60,145.72017695107624,87.43210617064575,Critical
41.639835812925554,66.35152870603513,173.33221520398595,16,6.155583766806317,0.0153740577423566,7.730145021591973,46.7601813256254,Low,0,90,30,Normal Operation,7.0,Monitor,30,72.17524982184653,21.65257494655396,Low
81.66235314984593,76.06735517521508,413.1819067400164,8,13.364209229856396,0.0516501996399567,6.534735802736316,39.00077850576989,Low,0,90,30,Normal Operation,7.0,Monitor,30,337.41406783329927,101.22422034998978,Critical
35.79590675475885,32.691852410020175,137.85827133042142,17,10.024656497627657,0.2008053508766715,4.71885669933456,56.931706221994006,Medium,0,70,60,Inspection within 30 Days,4.0,Monitor,60,49.34761825916011,29.608570955496067,Low
72.22064766264717,51.64381783025874,205.40387851019952,17,5.1438123598415295,0.220968352618984,6.641882298365353,59.94981583388882,High,0,40,80,Immediate Maintenance,2.0,Critical,80,148.34401138426304,118.67520910741042,Critical
47.17443767769247,79.58714856631512,201.0247044214292,26,13.029813013091038,0.2380866569231554,8.242997046098202,62.26316327210901,Medium,0,70,60,Inspection within 30 Days,4.0,Monitor,60,94.8322739040526,56.89936434243156,Medium
57.25069298293836,49.94914187564786,490.33646077511327,13,14.807938054145849,0.0806753814522593,6.890452763729842,15.629448632482346,Low,0,90,30,Normal Operation,7.0,Monitor,30,280.7210217417661,84.21630652252983,Critical
50.20856157394899,62.17169762976712,435.4417506865671,17,11.059261954142473,0.0987094958458407,7.73770995385126,60.48273405696391,Medium,0,70,60,Inspection within 30 Days,4.0,Monitor,60,218.62903951214648,131.1774237072879,Critical
54.89709015254644,63.20500845604288,365.5264377156169,38,10.037083870840709,0.1501090472139948,7.700610593567003,86.25897430249863,High,0,40,80,Immediate Maintenance,2.0,Critical,80,200.6633780441337,160.53070243530695,Critical
80.33321336289718,36.99095645368656,377.1755427269255,17,13.784158630449618,0.0283230980894656,8.228516399122611,53.27889884224669,Low,0,90,30,Normal Operation,7.0,Monitor,30,302.9972334914865,90.89917004744595,Critical
50.79852009362225,48.545303707398745,302.9327574811569,14,14.525167896845986,0.1872310417312613,7.580915062599493,67.22136660073954,Medium,0,70,60,Inspection within 30 Days,4.0,Monitor,60,153.88535767922946,92.33121460753767,Critical
69.6483248207828,46.74323376822559,476.1908001988336,6,12.545369159024606,0.2952831597659697,7.490802056052358,54.538584620737424,Medium,0,70,60,Inspection within 30 Days,4.0,Monitor,60,331.6589152891684,198.99534917350104,Critical
63.32352815393698,26.70278605458421,273.3164387970627,35,9.454529297342878,0.1146338302996207,5.436410659882562,78.3792494873583,High,0,40,80,Immediate Maintenance,2.0,Critical,80,173.07361207099592,138.45888965679674,Critical
76.45698157538537,26.57246465293809,221.23296944145247,14,10.922213993314404,0.2283257677765013,4.739700621284326,84.36664756780551,High,0,40,80,Immediate Maintenance,2.0,Critical,80,169.14805068452927,135.31844054762342,Critical
95.57808175273306,79.06030783892527,123.36590161921596,8,12.009353650179992,0.1550098355151863,6.57039786021523,24.737591943708743,Medium,0,70,60,Inspection within 30 Days,4.0,Monitor,60,117.91076230461049,70.7464573827663,High
81.28004680471753,42.74960264823281,403.7925435174761,15,6.942735710018014,0.0470654348645109,4.997736831787021,44.94880292457013,Medium,0,70,60,Inspection within 30 Days,4.0,Monitor,60,328.2027683649639,196.92166101897834,Critical
45.04582650135298,58.675119805523,380.4997694340162,27,9.47201032216438,0.17884886015275,8.348783505111966,41.3905680746177,Medium,0,70,60,Inspection within 30 Days,4.0,Monitor,60,171.39926597729504,102.83955958637704,Critical
32.18281945428993,44.41716228327024,222.9597673358607,13,13.29821264717285,0.0969635378487788,5.659699050532114,42.41720986394229,Low,0,90,30,Normal Operation,7.0,Monitor,30,71.75473937740495,21.526421813221482,Low
48.35848310098776,86.14415093249713,61.33703628165321,31,11.54725348498443,0.0199769304515028,7.911776813537172,20.04193449823007,Low,0,90,30,Normal Operation,7.0,Monitor,30,29.66166032491,8.898498097473,Low
71.65545514901784,41.85428932627529,427.5487974731048,35,9.11204067211854,0.1941296217341457,6.050498500809837,75.08925807845755,High,0,40,80,Immediate Maintenance,2.0,Critical,80,306.3620368135057,245.08962945080458,Critical
33.599806943897526,52.92769282803078,55.138092554333134,6,11.633625340146814,0.259090381304171,5.79277699942951,12.86129944119482,Medium,0,70,60,Inspection within 30 Days,4.0,Monitor,60,18.52629265080347,11.11577559048208,Low
64.74563730408654,81.72746628149912,366.6649008330729,5,6.182224120724599,0.1099832324009635,8.240634289506485,52.25812861817255,Medium,0,70,60,Inspection within 30 Days,4.0,Monitor,60,237.39952681477,142.439716088862,Critical
71.77899942418225,79.72568184146756,486.6156993767257,22,9.014976105648763,0.1231857086917034,5.953290288344896,62.9502710435753,Medium,0,70,60,Inspection within 30 Days,4.0,Monitor,60,349.2878800536003,209.5727280321602,Critical
53.397072357187255,37.09659216000803,246.9475976666916,23,12.931285379630564,0.2683962880604913,6.061151634652546,26.597555044710177,Medium,0,70,60,Inspection within 30 Days,4.0,Monitor,60,131.86278741041895,79.11767244625136,High
83.96385426220753,77.17181513672118,155.73803224817874,25,7.20508787136648,0.2459465558765332,4.924367118451636,82.46801536790365,High,1,40,100,Immediate Maintenance,0.0,Critical,100,130.76365442769057,130.76365442769057,Critical
37.461877719364026,54.78214763796302,367.19195451952174,34,6.859615075574177,0.2173363188300153,7.181786661130037,77.08393656198345,High,0,40,80,Immediate Maintenance,2.0,Critical,80,137.55700099744598,110.0456007979568,Critical
35.25964472150661,56.39297668554809,417.7076639070133,26,14.508186599164317,0.0821511484884128,5.655357657910054,47.686698358714025,Medium,0,70,60,Inspection within 30 Days,4.0,Monitor,60,147.2822382681178,88.36934296087067,Critical
80.97321293425223,33.67619820703635,295.8936422350313,5,7.098976295862308,0.2739628299403269,6.842416671358029,42.8919145872111,Medium,1,70,80,Immediate Maintenance,2.0,Critical,80,239.5945889858864,191.6756711887091,Critical
64.68439213443389,30.2390983942131,485.1658738652658,26,7.609185796501681,0.0547805696863717,6.865406816212838,28.925434016888005,Medium,0,70,60,Inspection within 30 Days,4.0,Monitor,60,313.8265963534614,188.29595781207684,Critical
78.18816774994153,72.31605495329474,73.25092474608249,20,14.69615938904338,0.1917634506309943,7.376798782383068,68.39945797159709,Medium,0,70,60,Inspection within 30 Days,4.0,Monitor,60,57.273555918850406,34.36413355131024,Medium
60.43791370226224,57.269974903094486,277.15801923703765,6,12.347085702650258,0.0183523423584904,7.480965944689765,20.53950397055713,Low,0,90,30,Normal Operation,7.0,Monitor,30,167.50852448538018,50.25255734561405,Medium
47.24814232673748,53.395295669986666,373.30427629514753,6,11.995965330235284,0.1966787438342342,6.557809737606158,64.41902030750265,Medium,0,70,60,Inspection within 30 Days,4.0,Monitor,60,176.3793357757286,105.82760146543717,Critical
87.33716223719398,72.41803486240579,438.1882120171305,18,13.529263838545813,0.0903718620432743,5.823967790413612,77.39655888947308,Medium,0,70,60,Inspection within 30 Days,4.0,Monitor,60,382.7011496336608,229.62068978019647,Critical
85.95911152782855,74.75833843442214,130.66502535850552,4,6.158230822367942,0.1404063233832788,7.849803579338936,28.277726073361897,Medium,0,70,60,Inspection within 30 Days,4.0,Monitor,60,112.31849487578322,67.39109692546992,High
78.62875295980987,35.32903089850798,410.0015667936567,17,12.059562365800073,0.1101267200965453,5.739462597633938,79.31419223190049,Medium,0,70,60,Inspection within 30 Days,4.0,Monitor,60,322.37911908553417,193.42747145132049,Critical
49.05015960609739,64.66463471604669,298.71818407334536,14,10.036886093282387,0.0600994593114008,6.530036377877326,12.665855955160676,Low,0,90,30,Normal Operation,7.0,Monitor,30,146.5217460604117,43.95652381812351,Medium
71.3161466808361,33.79801534804956,228.44915689548344,14,13.2915064028414,0.1903744291272235,6.105010332814912,83.02299083092203,Medium,0,70,60,Inspection within 30 Days,4.0,Monitor,60,162.92113582271637,97.75268149362982,Critical
55.26817278580188,73.83938059188796,109.2717628605921,13,10.081417186651944,0.2657729109907761,7.920313543878752,19.468978228103843,Medium,0,70,60,Inspection within 30 Days,4.0,Monitor,60,60.392506703883726,36.23550402233023,Medium
36.41074513286439,67.70208515736407,439.38309150901057,7,11.202413542689122,0.288134430261897,6.227674124583315,61.66073423504261,Medium,0,70,60,Inspection within 30 Days,4.0,Monitor,60,159.98265760624616,95.9895945637477,Critical
94.211950282357,87.17995037042476,120.7729436808719,15,9.77742126399536,0.0657804453146353,6.044396755349937,30.006597513115345,Medium,0,70,60,Inspection within 30 Days,4.0,Monitor,60,113.78254565516204,68.26952739309722,High
39.5773041643273,29.48227106316737,189.40453664409463,19,9.78158923555844,0.2180381044782622,7.25929477159055,76.9241912935691,Medium,0,70,60,Inspection within 30 Days,4.0,Monitor,60,74.9612095686681,44.97672574120086,Medium
96.51661476745618,28.70855687483153,180.5204893830966,35,12.679699780618314,0.2026584163156478,6.909764439445771,50.98402887323732,High,1,40,100,Immediate Maintenance,0.0,Critical,100,174.23226531420994,174.23226531420994,Critical
61.2204041070569,43.342159855058014,442.1363153858844,17,11.285664006472832,0.109579558976626,4.928987333983384,20.81929529972011,Medium,0,70,60,Inspection within 30 Days,4.0,Monitor,60,270.67763898329,162.40658338997403,Critical
